track_uri,artist_uri,genres
2SuMoyOaAVBg5AzfKyZaKV,4OBJLual30L7gRl5UkeRcT,"['atl hip hop', 'dirty south rap', 'gangster rap', 'hip hop', 'pop rap', 'rap', 'southern hip hop', 'trap']"
3RIgHHpnFKj5Rni1shokDj,00FQb4jTyendYWaN8pK0wa,"['art pop', 'pop']"
3VnXfJSIpITDRqvdV0Xe1P,3QTDHixorJelOLxoxcjqGx,"['alternative r&b', 'la pop']"
6hSKLlfC9U1EvFPAmCywY1,3sjyvp2X7RmnTpukzovThH,"['modern hard rock', 'southern metal']"
7vnlY7keoqfJRmdmmm78Ee,1fqzcp3dzZD1YGQ2RT5pYs,"['dark plugg', 'vapor trap']"
42J9WDig33sUHM6VwPuQco,1RJEaGb6EmkD2YkehfRVeC,['canadian hip hop']
48y5VJEYelOWiuOB3WPQBJ,1HPW4jeRjXBFRoUnSvBzoD,['rage rap']
31B7wLv4yvtjDoTTmbnxeE,4oLeXFyACqeem2VImYeBFe,"['edm', 'house', 'stutter house']"
3RpFUptJ1wRye0nzPll7FP,5z2pNh5Q7EUb7JrE81ofhW,"['country rap', 'horrorcore']"
2CEXhYY4cGmjyTyZJw7Wo0,7wlFDEWiM5OoIAt8RSli8b,"['baton rouge rap', 'rap']"
63lCTHGh9eM46t7wTvyrny,6O2zJ0tId7g07yzHtX0yap,"['east coast hip hop', 'hardcore hip hop', 'hip hop', 'queens hip hop']"
2bg23J1uQ21CoycbH1mQR2,0iPS5GpwbHSmgNXfGE674K,['political hip hop']
77Tpqyg5yqitbY9j8dT8Gx,1CUeN4GnHAGUk9nAXPorF4,"['atl hip hop', 'trap queen']"
5iMXCDWA4FxPNcOnq0HrpJ,0m5FakHKCQdA7UN0PIzMcL,"['lo-fi indie', 'pov: indie']"
0yowbJnnbTLpr99f9l1uba,7Ln80lUS6He07XvHI8qqHH,"['garage rock', 'modern rock', 'permanent wave', 'rock', 'sheffield indie']"
1VNvsvEsUpuUCbHpVop1vo,7y97mc3bZRFXzT2szRM4L4,"['classical', 'early romantic era', 'polish classical']"
4NVyCPbCkbmMEESIErpRXq,15iVAtD3s3FsQR4w1v6M0P,"['chicago bop', 'chicago drill', 'chicago rap', 'drill', 'hip hop', 'rap', 'trap']"
2LKOHdMsL0K9KwcPRlJK2v,0pWwt5vGNzezEhfAcc420Y,['weirdcore']
46B0XdZMFs20YDxrNm6rzt,7e14Bh8oZXNRmZxjhhTARb,"['azontobeats', 'ndombolo', 'rumba congolaise', 'soukous', 'zilizopendwa']"
7yMWuJ6JOZ8Joo5gQrNaYA,16kOCiqZ1auY4sokSeZuKf,"['grupera', 'gruperas inmortales', 'musica mexicana']"
1mhwzvD3iVSR1SUOemLAHc,2Pfv2w8a20xzC7Dr7QXRqM,"['alternative metal', 'industrial metal', 'nu metal', 'rap metal']"
60wTHSJ0PxxwZDiSLiFaQX,4pejUc4iciQfgdX6OKulQn,"['alternative metal', 'alternative rock', 'grunge', 'modern rock', 'nu metal', 'palm desert scene', 'rock', 'stoner metal', 'stoner rock']"
3sNVsP50132BTNlImLx70i,5K4W6rqBFWDnAN6FQUkS6x,"['chicago rap', 'hip hop', 'rap']"
4DwDhQsHmLAnPBCXUDFMan,6l3HvQ5sa6mXTsMTB19rO5,"['conscious hip hop', 'hip hop', 'north carolina hip hop', 'rap']"
2LMkwUfqC6S6s6qDVlEuzV,2h93pZq0e7k5yf4dywlkpM,"['lgbtq+ hip hop', 'neo soul']"
0HmHE46LS5bkLLCVpExgRA,29Q66pANmPCf4r7aK2Hye7,[]
13Sn01CH1mTRAylwCSkFKh,1iwUuIOKYjV7SKIg27v4zi,['florida drill']
4o9umFsPZmwRT5lve7QAps,4BEYBN6NCPrFk3sOLMTby3,"['art pop', 'canadian electropop', 'shiver pop']"
5o4W6yWSJD9e9Ea8YC9WjF,2AQjGvtT0pFYfxR3neFcvz,"['dance pop', 'pop', 'post-teen pop']"
1vBRiaOSTr7IJlAeky4JX3,6GkJh85o22LfD2vgL9DP6f,"['reggae fusion', 'reggae rock']"
2NtqZmfRIDkXJ2YvY2Kv1F,46njgd2Rq9tZc4ZjeQMgbh,"['classic rock', 'mellow gold', 'singer-songwriter', 'soft rock', 'yacht rock']"
0wqOReZDnrefefEsrIGeR4,5PokPZn11xzZXyXSfnvIM3,"['neo mellow', 'pop rock', 'post-grunge']"
57JVGBtBLCfHw2muk5416J,1dfeR4HaWDbWqFHLkxsg1d,"['classic rock', 'glam rock', 'rock']"
7j04glqh2SY6Es6jiQEhgf,5ABfpj7Z00wfPiv2uW4MFm,"['alternative emo', 'anthem emo', 'chicago pop punk', 'emo', 'pop punk']"
6LwrEZNkvFTOypNwSLjuaJ,1ZwdS5xdxEREPySFridCfh,"['g funk', 'gangster rap', 'hip hop', 'rap', 'west coast rap']"
3hUxzQpSfdDqwM3ZTFQY0K,06HL4z0CvFAxyc27GXpf02,['pop']
45B1BeuxBsY03LnOT0SdyK,6U3ybJ9UHNKEdsH7ktGBZ7,"['hip hop', 'rap', 'underground hip hop']"
4hFSl2YfBUCY7RgZ8OhwCO,04DUpHOyQqwbHFyvIhcGi3,"['classic texas country', 'outlaw country', 'red dirt', 'texas country']"
21ENNo8kFmOyrQiFfRibSS,6GkJh85o22LfD2vgL9DP6f,"['reggae fusion', 'reggae rock']"
0GbkCCygC3jPrtu61DQmMY,1nCUtys5zhzXn3HJQMLyh1,[]
715m3NcPUWbKovQZd12f1Q,5pnbUBPifNnlusY8kTBivi,"['battle rap', 'east coast hip hop', 'hardcore hip hop', 'trap']"
1w7cgGZR86yWz1pA2puVJD,6vWDO969PvNqNYHIOW5v0m,"['pop', 'r&b']"
5NoQvINZLBV1wMYPdNmReL,1co4F2pPNH8JjTutZkmgSm,"['alternative rock', 'early us punk', 'permanent wave', 'punk', 'rock']"
1UHATOi2uLeTk3UHKBwR30,6z9k3E8sR90LH0N4zyOxUu,['gen z singer-songwriter']
7AyHMSOzumpug7onz7Dlkg,3ZMur3elMyOs248ah86NRk,"['alternative hip hop', 'boom bap', 'chill abstract hip hop', 'drumless hip hop', 'new jersey rap', 'psychedelic hip hop']"
48rZVgAGm0OlbbxjikCpqm,6rniTPs9zN26kYnkPdFl1U,"['indie pop', 'pov: indie']"
2EZQ8ZBaiQsMH6zmxiunDs,5Fhey8VIfTavg9F99QlipO,['tempe indie']
2QnNylgrNLdKAOi6K0IRDq,0zQi1rMSEtw9D7i9uQPTHW,[]
3FYSNSTUCqAZGfwEd8ui4l,5pnbUBPifNnlusY8kTBivi,"['battle rap', 'east coast hip hop', 'hardcore hip hop', 'trap']"
0Cc1TGI0VBQDltJJ4a4dmj,0fYPQBOx0vsRMmjUba9HgF,"['new romantic', 'new wave', 'new wave pop', 'synthpop']"
679zqcQuKakOGI93NPCqB8,1w5Kfo2jwwIPruYS2UWh56,"['alternative metal', 'alternative rock', 'grunge', 'permanent wave', 'rock']"
0H3yciUJtxbCVTButoHL4H,1A1S1xafW03o6kMRbs58mz,[]
1jQtC8sF34LjlsH6TP8D5K,0wPdF6oU9sRm16BNvWfyRR,['british invasion']
4rTJrU3JM0ZvQOFAZpSzVL,7EEefVBNBS3ckwouEl62oB,"['atlanta indie', 'indie pop']"
6yufkVNNZVHS7H1OKy5adj,6wnLSjE93qaj9uf3rVaM3N,['bubblegrunge']
0zdLZywwUVyg8xnzzxgDBP,5hNiAUVPCTgcpy8vljCxzs,['ccm']
6l7VxGCmqeseT0K0L9tRXh,1ZN1c1qWEGZNX1pGeKCPpf,"['jam band', 'jamgrass', 'new americana', 'progressive bluegrass']"
03QNwtH5PohD5pSkxbnH2O,3GeE5PgOm0rfy99Urw9mJd,[]
1vbn9fEyw1IYhqgZJdu9ZB,3TVXtAsR1Inumwj472S9r4,"['canadian hip hop', 'canadian pop', 'hip hop', 'rap', 'toronto rap']"
09riz9pAPJyYYDVynE5xxY,1VPmR4DJC1PlOtd0IADAO0,"['cloud rap', 'dark trap', 'new orleans rap', 'underground hip hop']"
5y8apzJP1xF42QHMjSauvN,2c9O21YLFy4tFI9zCVhbFg,[]
3Y6s01hMkOYdFZnWHD60Kf,33XkS6h90eeK7e6OJHw0mq,"['avant-garde', 'bebop', 'free jazz', 'jazz', 'jazz saxophone']"
1OPM1BmEoywWzFfQxMRj7L,4UVlSeEFDPmlkYKaRMRoOz,"['art punk', 'oc indie']"
72smiccP7SlHMWxmi2twve,4TMHGUX5WI7OOm53PqSDAT,"['cosmic american', 'double drumming', 'jam band', 'psychedelic rock']"
5kuiTI0Tc4KEORzCwmZYGE,1AvkrI2S7knrbaZxydvc9B,"['cuarteto', 'cumbia villera']"
20j40zsdAgGrUODjJ9u8IL,6S0GHTqz5sxK5f9HtLXn9q,"['alternative rock', 'dance rock', 'electronic rock', 'permanent wave']"
27tulv4cX1zWmJzGNxLZjf,1c61yiH4iYE7cHtjAYSUu3,"['afrobeats', 'afropop', 'azontobeats', 'nigerian pop']"
1eOenz5uZlndPxGPC4cQxV,3qsKSpcV3ncke3hw52JSMB,"['trap latino', 'urbano latino']"
3FwZRnwtsBQCT9ni0tClKz,4iVhFmG8YCCEHANGeUUS9q,"['glitch hop', 'jazztronica', 'livetronica']"
5H4mXWKcicuLKDn4Jy0sK7,3TVXtAsR1Inumwj472S9r4,"['canadian hip hop', 'canadian pop', 'hip hop', 'rap', 'toronto rap']"
7MatmCcPLwvW4QhycNaZ64,11kaQ3GPi3BPDYH18aL1nX,['contemporary r&b']
2PpruBYCo4H7WOBJ7Q2EwM,1G9G7WwrXka3Z1r7aIDjI7,"['atl hip hop', 'dirty south rap', 'hip hop', 'old school atlanta hip hop', 'rap', 'southern hip hop']"
5VnpYqIzm02X9gOhVElQo3,7yO4IdJjCEPz7YgZMe25iS,"['hip hop', 'rap', 'southern hip hop', 'trap']"
5Y77SQxEr1eiofPeUTPHxM,1Xfmvd48oOhEWkscWyEbh9,"['r&b', 'southern hip hop', 'trap', 'urban contemporary']"
5UZ1clqvRsMKEAC504mRlW,26s8LSolLfCIY88ysQbIuT,"['crunk', 'dirty south rap', 'gangster rap', 'memphis hip hop', 'southern hip hop', 'tennessee hip hop', 'trap']"
0EfVD9PGio16lgrSIBlcrP,0RESbWvOMyua0yuyVrztJ5,"['memphis hip hop', 'tennessee hip hop', 'trap']"
5MTGPkmiUuud9NkA0sl2nI,3Nrfpe0tUJi4K4DXYWgMUX,"['k-pop', 'k-pop boy group', 'pop']"
15ql5peFEXlp5abjdaOCBy,41DGOfz7IFMVvf9wKAzeZS,['north carolina hip hop']
1unTmBMfB9i1t876kRns4S,1nQj0M42wlxHPw999Pms69,['english indie rock']
6eK4CkiKeAwSCKHJYCw0il,75qOcxf6stWPuJyQqVGH3q,[]
4qmT806nB5E33pZSYYqWcU,4rF7c8zpCKzuSXohs2HIpA,['pov: indie']
1v24T2ug4TlssYZvI3aL4O,3TVXtAsR1Inumwj472S9r4,"['canadian hip hop', 'canadian pop', 'hip hop', 'rap', 'toronto rap']"
0LN5gIsS5tQSmRzQrHSaTR,67ea9eGLXYMsO2eYQRui3w,"['album rock', 'british invasion', 'classic rock', 'hard rock', 'rock']"
51Nwg5wCDDiqcTntgJUlLo,0QHgL1lAIqAw0HtD7YldmP,"['hip hop', 'miami hip hop', 'pop rap', 'rap']"
6hE12XqmjR296xfF0gviRM,6liRUYkXvRcAJPlSrmGftP,['canadian metalcore']
0JCQ1ixz6F076Ss6Zio4vW,2Tglaf8nvDzwSQnpSrjLHP,"['bedroom pop', 'dream pop']"
4xN0T9ZLvB3EKN4xnEbwTx,67lytN32YpUxiSeWlKfHJ3,"['cloud rap', 'psychedelic hip hop', 'underground hip hop']"
2Gj71PQriCCgy2cbJNZ5n6,19eLuQmk9aCobbVDHc6eek,"['adult standards', 'dixieland', 'harlem renaissance', 'jazz trumpet', 'new orleans jazz', 'soul', 'swing', 'vocal jazz']"
2ACJU7dy4BgyErKBV62oQN,5LHRHt1k9lMyONurDHEdrp,"['hip hop', 'pop rap', 'rap', 'trap']"
4INra4bJJzLShMA6C5IDNq,49bzE5vRBRIota4qeHtQM8,"['alternative metal', 'christian alternative rock', 'christian music', 'christian rock', 'post-grunge']"
79310hDaEoDdqxuIpH1guy,5wbIWUzTPuTxTyG6ouQKqz,['jam band']
0G6qDSSFmjzb9N0PK8PjGm,1w5Kfo2jwwIPruYS2UWh56,"['alternative metal', 'alternative rock', 'grunge', 'permanent wave', 'rock']"
7fF6Af2M3vL4IUtE8cMy6G,2UBTfUoLI07iRqGeUrwhZh,"['alternative country', 'classic texas country', 'country rock', 'folk', 'heartland rock', 'outlaw country', 'roots rock', 'singer-songwriter']"
5aOpKCKguEnViGOKZxZern,37hAfseJWi0G3Scife12Il,"['scam rap', 'trap queen']"
3xZQZJmZhI4bBTe7SllIcs,5noIMRg61zRD7KhynZLmFX,['memphis hip hop']
1y0kMIz86RzqsvT9kxaCx1,38epWdyauFwdRkldqUMfWE,"['trap dominicano', 'trap latino']"
1eX2rmSdoUWX2XcvHKHHpu,4S2yOnmsWW97dT87yVoaSZ,"['punk', 'skate punk', 'socal pop punk']"
4ofvoCdXq99vpMZO4Cfp8x,1Xyo4u8uXC1ZmMpatF05PJ,"['canadian contemporary r&b', 'canadian pop', 'pop']"
0oUvEPHaBRNYugEw1kWpoy,2VMvblKbQS08hFDZZC0sTP,[]
4dfy1Pij4jFFefoamgnoOF,6fOMl44jA4Sp5b9PpYCkzz,"['hip hop', 'pop rap']"
4mbOTHs6heygME9uDHg0mf,0nvdwVbj7NT1WL9P8JowLD,['belgian hip hop']
6M7681fCrvo6Pqx5fcDGgY,1jSaZgaKHmgc7VTgML528r,"['alternative dance', 'brooklyn indie', 'chamber pop', 'dance-punk', 'indie rock', 'indietronica', 'noise pop', 'philly indie']"
66zTOvo2ECSJnBMh2NMqBo,571SRwCkLqVygKpejWCR0v,['symphonic power metal']
2wNx4SZqgRvR8AQZrghV7W,3Lg3FGwBxOGuefqekQzRUf,"['alternative country', 'folk', 'new americana', 'roots rock']"
72yP0DUlWPyH8P7IoxskwN,3PhoLpVuITZKcymswpck5b,"['glam rock', 'mellow gold', 'piano rock', 'rock']"
3ZQLH6uKCfvgkbnMSVNCQe,3MZsBdqDrRTJihTHQrO6Dq,['viral pop']
0BCPKOYdS2jbQ8iyB56Zns,4gzpq5DPGxSnKTe4SA8HAU,"['permanent wave', 'pop']"
7DuqCAxfOEKBfQgrnWfHrh,49e4v89VmlDcFCMyDv9wQ9,"['adult standards', 'easy listening', 'lounge', 'vocal jazz']"
6d8HN8MqqbqrEUI2bvx0aG,5K4W6rqBFWDnAN6FQUkS6x,"['chicago rap', 'hip hop', 'rap']"
4Y2rXSgFiWO7xYRYzd3F6D,7H6dkUChT5EoOQtUVMg4cN,"['contemporary country', 'country', 'country road', 'modern country rock']"
1BSJqgJMLhrp08utzoJDf7,35KCSzO0sDCLggvo39D9ng,"['dancehall', 'nigerian hip hop', 'soca']"
2RPInGYh3BMVWm6buPzMdq,1btWGBz4Uu1HozTwb2Lm8A,"['minneapolis indie', 'modern rock', 'pov: indie']"
5UAB0XH991xIogKy8ZYuU4,1VZpDV00MljTrkukEHFKqZ,"['old school thrash', 'thrash metal']"
4gsdYgnktO0jmKEVoL8kfm,4Ge8xMJNwt6EEXOzVXju9a,"['art pop', 'escape room', 'indie pop', 'indietronica']"
3Ld4K47Dis7WpG485pbDQW,5pttBZUGPhF7AcVgDke02r,"['new wave of glam metal', 'sleaze rock']"
09kaIU1AZoo2MRk46s6AEi,0MXwnhyYMeEfij4dl2YIQ4,[]
07NxDD1iKCHbAldceD7QLP,06HL4z0CvFAxyc27GXpf02,['pop']
4XSqL1O7HsPeghqRgUx0ok,5tth2a3v0sWwV1C7bApBdX,"['dance pop', 'east coast hip hop', 'gangster rap', 'hip hop', 'hip pop', 'pop rap', 'r&b', 'rap', 'southern hip hop', 'trap queen', 'urban contemporary']"
5STjChsirox5CTMvvxNMlO,6AVLthptCPhfrxlHadOBJD,"['neo soul', 'quiet storm', 'r&b', 'urban contemporary']"
1x5Fqllow3ngr5euK3hXSw,1A773r2lVYAnmt8uwb5BOu,"['corrido', 'musica mexicana', 'musica sonorense', 'nueva musica mexicana', 'sierreno']"
0nh0CYu2oWeHr10rwgweTc,2jku7tDXc6XoB6MO2hFuqg,"['canadian hip hop', 'canadian trap', 'melodic rap', 'r&b', 'rap', 'toronto rap', 'trap']"
2y2iEADc8O0Vv5IKHSs21i,5YCc6xS5Gpj3EkaYGdjyNK,"['argentine indie', 'trap argentino']"
4iGybXQ4ntjkH3b3Na6pDD,47EMdH4uOssNQ20hVE70MV,['bass trip']
7nMAdI1vYJUEK8aCMhLwrR,1grN0519h2zYqpRtYbDZAl,['cali rap']
1XLDwj2XXXNPOJvpvjHOas,2VYQTNDsvvKN9wmU5W7xpj,"['alternative metal', 'hard rock', 'industrial', 'industrial metal', 'industrial rock', 'nu metal', 'post-grunge', 'rock']"
1rkpNfn7l4PcAreJwht9JO,6rJqqRce0Kvo2dJUXoHleC,"['contemporary country', 'country', 'country road', 'country rock']"
3i4xZSH1kTLE22TUvUFMYo,74XFHRwlV6OrjEM0A2NCMF,"['candy pop', 'modern rock', 'pixie', 'pop', 'pop emo', 'pop punk', 'rock']"
4n358XQMHXd0xi6NazWdxr,6qgnBH6iDM91ipVXv28OMu,"['alternative r&b', 'escape room', 'indie soul', 'lgbtq+ hip hop']"
6UvkNs5Gxge1yb8zi5YEo8,3PhoLpVuITZKcymswpck5b,"['glam rock', 'mellow gold', 'piano rock', 'rock']"
2HoBWmyavlaRDO1pZlRY1V,1Z3HvW1V35gdsbhY20SMoU,"['cali rap', 'hyphy', 'oakland hip hop']"
1Gb6r4iX8w60t6OFTvWI4K,0QHgL1lAIqAw0HtD7YldmP,"['hip hop', 'miami hip hop', 'pop rap', 'rap']"
4a0XUfmjQiRb0diHn9jVjA,6pWTPhk1AtVfNmkaeXXVpD,"['latin alternative', 'mexican pop', 'mexican rock', 'musica quintanarroense', 'rock en espanol']"
4raGevWiW8i1gactXulebp,2dyeCWctcFRt3Pha76ONgb,"['country', 'country rock', 'outlaw country']"
7jyMxkhtYNusptGfnxuPgN,24kY0bUku58QhWv5WFFXaf,[]
06Mx1disEpZwzviLhvTei3,0Ti1YY2v4KtYkz7JemXJpE,"['dallas indie', 'southern americana']"
7ge7BHazYbVKi8qyZUX1Bm,5f7VJjfbwm532GiveGC0ZK,"['atl hip hop', 'atl trap', 'rap', 'trap']"
5ICgUHt0Ar0z73iudBlcuN,1Hhqfnt6xdhURWPJIJNrCl,[]
6dYYWoDcAp2LaGT2P36eBt,22w6xqCsEY1bU2KPw124Ef,[]
724oI0EKyTMjTSitMaWwfZ,55Aa2cqylxrFIXC767Z865,"['hip hop', 'new orleans rap', 'pop rap', 'rap', 'trap']"
6CN7RfBQfpEZqO5ItzIDEG,0SBdTSOHGyuqC8ZSZObX9M,[]
36DHxTW2xdr9GG15T9oK9L,4q3ewBCX7sLwd24euuV69X,"['reggaeton', 'trap latino', 'urbano latino']"
5Emm0A35REXFDnnBmwKV63,5X0V59ipZnbvnubW0rQVri,"['alternative hip hop', 'boom bap', 'drumless hip hop']"
4DByEumlGTZKSzuVEZ35eo,6vWDO969PvNqNYHIOW5v0m,"['pop', 'r&b']"
4m3u9rV6KkVemoL5NFqXem,1iNqsUDUraNWrj00bqssQG,"['hip hop', 'pop rap', 'rap', 'underground hip hop']"
5MwynWK9s4hlyKHqhkNn4A,4oUHIQIBe0LHzYfvXNW4QM,['contemporary country']
5lTR8aaFi9DXKEzcpMlpap,059jVWIqXVJvAskIuJyScN,[]
2orfiw6KPtAuLpJJqvikNf,3Mni2VPXv4CxwhJA8v8Cpn,[]
5jsFP9UeOXngDEslmUVozc,5P1oS9DUTPEqcrmXDmX4p8,"['modern southern rock', 'southern rock']"
0uwY8h7Ajk6jSv7SfOyjzK,0dJfVsiJjzr81a7ASID3QP,[]
31VxGdooE3jNjDyNGFjf55,4vS7ID4Mwwgbow9bJh4sEu,[]
2lAOxB26frBq3K9RA3cjS5,3q7HBObVc0L8jNeTe5Gofh,"['east coast hip hop', 'gangster rap', 'hip hop', 'pop rap', 'queens hip hop', 'rap']"
5Pw2QDs4xlOz4kLfbBEano,45lcbTsX07JWzmTIjcdyBz,"['bass house', 'electro house', 'tech house']"
5c8lzZGPbmVu6sLQOA5WoU,30DhU7BDmF4PH0JVhu8ZRg,['r&b']
4N20NYwhJRArlzEhdCKXka,46SHBwWsqBkxI7EeeBEQG7,"['florida drill', 'florida rap', 'melodic rap', 'miami hip hop', 'rap', 'trap', 'trap latino']"
4ML3qft1Vk6sMwBTm86FQS,51J0q8S7W3kIEYHQi3EPqk,"['emo', 'pop punk', 'screamo']"
7psEjaylId2Q6Aj3hNfzFn,4kgNkRQyDA1819STlhZfbD,[]
5B5iKxCoj1ny3yzeXkABgA,6kACVPfCOnqzgfEF5ryl0x,"['arkansas country', 'outlaw country', 'rock']"
1P17dC1amhFzptugyAO7Il,06HL4z0CvFAxyc27GXpf02,['pop']
0ve8ampYQZIuTjni31zhf3,2AOt5htsbtyaHd5Eq3kl3j,"['neo soul', 'quiet storm', 'r&b', 'urban contemporary']"
1LNjOGsBJpHJ9XWNBmwi6V,0J6PhnVD21GSFoJ9HoadLH,['milwaukee hip hop']
234GDlel7bc4Cl7e5jiwNa,161AC1AVRkIGIMxyj5djFQ,"['funk metal', 'southern metal', 'stoner metal', 'stoner rock']"
2fa5YZR4s1mUx2H2ZHMQdH,5XJDexmWFLWOkjOEjOVX3e,"['trap boricua', 'trap latino', 'trap triste', 'urbano latino']"
6WZp9rcZVL7KjAvVWuFy7G,2efzHZrUGhawnSOTpyAHOQ,"['afrofuturism', 'alternative hip hop', 'hip hop', 'psychedelic hip hop']"
6CTIA17wJ8qvI1dg1oxyVD,5g3uG8zZZANGT6YOssgjfC,[]
6fracv4du3sDwo1XKcPrkw,1CoZyIx7UvdxT5c8UkMzHd,"['r&b', 'uk contemporary r&b']"
5FQ9ONUFVBA7bLP1t85bKP,1z62XaHX2iYbxLARSBLoua,"['dark techno', 'deep minimal techno', 'house']"
190jyVPHYjAqEaOGmMzdyk,1uNFoZAHBGtllmzznpCI3s,"['canadian pop', 'pop']"
2cBSrD0zoX8RbhmUr0CQpr,4D9z4fup1x9lkmrPTOWw8A,"['industrial metal', 'industrial rock']"
71GvlH0VdeClloLIkHrAVu,2CvCyf1gEVhI0mX6aFXmVI,"['classic rock', 'folk', 'folk rock', 'mellow gold', 'permanent wave', 'rock', 'singer-songwriter', 'soft rock']"
37RqEET1SYQaAcHDxDQLZY,3sFhA6G1N0gG1pszb6kk1m,"['album rock', 'beatlesque', 'classic rock', 'folk rock', 'heartland rock', 'mellow gold', 'rock', 'singer-songwriter', 'soft rock']"
7pj6P5WnxkZsw3XRc8eMe1,2YZyLoL8N0Wb9xBt1NhZWg,"['conscious hip hop', 'hip hop', 'rap', 'west coast rap']"
2Ot85xcajHDvU7cD2BdR2M,2uRjuSX3CCVJO0KBA518XG,[]
4MHbePKCz2UUMCgm3xix1T,1HY2Jd0NmPuamShAr6KMms,"['art pop', 'dance pop', 'pop']"
0zNdw7vzK7nVtMlNkjVRfb,7iAUZj65TsyjfcvprSYb9w,[]
44c50vIVwEBxQOcGs2np6b,6Jrxnp0JgqmeUX1veU591p,"['alternative dance', 'art pop', 'indietronica', 'neo-synthpop']"
0UcDC26aePqoRAWJ0C9o6i,0omOo7sWvvcKXsp2PyGScc,[]
7zjECGi00rudm6tSNJkSi1,2zgF783l4A3tMjr081z1wt,[]
59h24nkXSrVSLcyTvyFVyV,4wQ3PyMz3WwJGI5uEqHUVR,"['album rock', 'blues rock', 'classic rock', 'country rock', 'double drumming', 'electric blues', 'folk rock', 'hard rock', 'heartland rock', 'jam band', 'mellow gold', 'rock', 'singer-songwriter', 'soft rock', 'southern rock']"
6NyLIXOUdUtHSde9HhKTI7,1FJDY08xe8rRXdXjLhgnUN,"['indie salvadoreno', 'metal salvadoreno']"
6eRmG7DPom2FfRNAoCmjqb,4dLvccxeQIM5u80Ri0u9OV,"['salsa', 'salsa puertorriquena', 'tropical']"
4GCGH6TJ69neckwITeBFXK,3fMbdgg4jU18AjLCKBhRSm,"['r&b', 'soul']"
4Hs5Fu5fHNPwHvKAiUXotu,0X380XXQSNBYuleKzav5UO,"['alternative metal', 'alternative rock', 'cyberpunk', 'electronic rock', 'industrial', 'industrial metal', 'industrial rock', 'nu metal', 'post-grunge', 'rock']"
5d1eRkcfzVJHJflmQuGMbO,183DuT2WcaEO2tclTJW1tU,"['classic nz pop', 'nz singer-songwriter', 'solo wave']"
1AO5MeGsWdPLejY47pnYYy,7cjh6y0V9SsyCrWSXTzwOs,['latin pop']
3n5te2xbUAPjzAnhLgA42z,37M5pPGs6V1fchFJSgCguX,"['alt z', 'la indie', 'pop', 'pov: indie']"
0MFiy9kTA8j8RQYtVLkEhu,3f6KorUYJp7dxTAJpgqKiY,['uptempo hardcore']
5nhW8I46uDE5sc5ouEbzao,7gOdHgIoIKoe4i9Tta6qdD,"['boy band', 'pop']"
5c4sPQmeHV4AosQAzpbMFF,2A61sQntb4CUdnHQeb2tog,[]
71fnf5q09LNyx6MEEBDwSA,0saeDZpMg2N0q5nLTlGANX,[]
5PcnFf0ZdOdt5RsimaBdy1,2pSObt5Fk8izuX8ZfI3jRn,"['country rap', 'redneck']"
640A5AgdKNmZfPUBDJyvDS,4XpPveeg7RuYS3CgLo75t9,"['atmospheric black metal', 'blackened screamo', 'blackgaze', 'emotional black metal', 'post-metal', 'usbm']"
4Li2WHPkuyCdtmokzW2007,3nFkdlSjzX9mRTtwJOzDYB,"['east coast hip hop', 'gangster rap', 'hip hop', 'pop rap', 'rap']"
60wwxj6Dd9NJlirf84wr2c,2qxJFvFYMEDqd7ui6kSAcq,"['complextro', 'edm', 'german techno', 'pop', 'pop dance']"
0b9kzYFHbjuFHqJNiGsw5L,5pRxS1TqblxFku49c4BnLV,"['progressive post-hardcore', 'swancore']"
7ya7Gr1dMpPIa4zXM6M5bd,6qxpnaukVayrQn6ViNvu9I,[]
66V3speCvzVe6lUnIezZ0J,4DQj1q0unpi9KF8jO1Wqks,"['classic garage rock', 'psychedelic rock']"
3QwBODjSEzelZyVjxPOHdq,21451j1KhjAiaYKflxBjr1,"['reggaeton', 'urbano latino']"
0DiWol3AO6WpXZgp0goxAV,4tZwfgrHOc3mvqYlEYSvVi,"['electro', 'filter house', 'rock']"
0526DaOuV7mRlPKxhMSJKw,1RyvyyTE3xzB2ZywiAwp0i,"['atl hip hop', 'hip hop', 'rap', 'southern hip hop', 'trap']"
4aTajoHweDjyNp1JqMHp1U,20dRvQDfCTLJU0pgq13ZYp,"['alternative hip hop', 'boom bap']"
3UNrtRxBBlWE70SjxnOo02,7LnaAXbDVIL75IVPnndf7w,"['contemporary r&b', 'hip pop', 'r&b', 'southern hip hop', 'trap', 'urban contemporary']"
2LWAz22Nrpal86ZQZPmPkz,6ytGxUYeXamODJwiXuZvjO,[]
5EhzE6HJaCcLFrf5rPqvpk,2gRP1Ezbtj3qrERnd0XasU,"['latin arena pop', 'latin pop']"
423FiDerFgzeEcqKEOmZ81,4UXqAaa6dQYAk18Lv7PEgX,"['emo', 'modern rock', 'pop', 'pop punk', 'rock']"
1OxL1FWSEd7QmJoWLRP2NO,1CoZyIx7UvdxT5c8UkMzHd,"['r&b', 'uk contemporary r&b']"
0H0MtIK6ztJqzuJ1AOk4TK,0hCNtLu0JehylgoiP8L4Gh,"['hip pop', 'pop', 'queens hip hop', 'rap']"
7pOWWGpUc3T05IXfymgIP3,1FqqOl9itIUpXr4jZPIVoT,"['adult standards', 'doo-wop', 'rock-and-roll', 'rockabilly', 'soul']"
2Y2nvGDYoKXihBx5KBIugX,7gHscNMDI8FF8pcgrV8eIn,['pov: indie']
4n5fbQ0Af3p8tYIQm8jiFX,5KxxHTQit8vvtn3JFyw3MH,['nyc pop']
4HYDUMY0xSpeBr0AMY9cUz,2cPqdH7XMvwaBJEVjheH8g,"['reggaeton', 'trap latino', 'urbano latino']"
2UfMrCFn4Il458xPDHd4yg,1r4hJ1h58CWwUQe3MxPuau,"['latin pop', 'reggaeton', 'reggaeton colombiano', 'urbano latino']"
7Mb7jOst43wPQELas93ARE,0a0l3QVhfMwQNAO4wPAmP9,[]
7bxwzsBFJFhtMZVbdcduzm,5qnkHpjyS6CUxH1UUy82B7,[]
100Tm6z29RfHTdUQ6NIs0s,2QWIScpFDNxmS6ZEMIUvgm,"['latin alternative', 'latin pop', 'latin rock', 'rock en espanol']"
4339KjMRnlrI8up0Pq8aaq,3nqA4JV7u2zG7prO5RLlAC,['freestyle']
2Q3jFbyE61mCjS3SkW4toJ,3TVXtAsR1Inumwj472S9r4,"['canadian hip hop', 'canadian pop', 'hip hop', 'rap', 'toronto rap']"
6aEtOtuVYBDfR07qJm8wB3,0Sz2jslaxjcw2VM5zYh2jK,[]
4AE7Lj39VnSZNOmGH2iZaq,1ZwdS5xdxEREPySFridCfh,"['g funk', 'gangster rap', 'hip hop', 'rap', 'west coast rap']"
2E3KqgdkhH6Fohd6XbEahZ,00NAj8IERY5jLlFLts3Atq,[]
4nMP5DJEHAuzOYZiRqqpW7,2UFqwY8A3PLcx8pAkg9g5P,"['latin pop', 'ranchera']"
3dpkmgWLr1g3rckqY4Vdrk,147nKr9upHZSSxqCzh9j7c,"['black americana', 'contemporary country', 'country road', 'modern country rock']"
1D066zixBwqFYqBhKgdPzp,3r17AfJCCUqC9Lf0OAc73G,"['dance pop', 'pop']"
4mJaDQRHZWkbkYSsgL3B6Y,2ZqUl68IMG4yT6QOuwKCRE,[]
3ErIimn6bES0dRvhgndOKq,4AA474G2hRfrHyGrfyDseO,"['cali rap', 'sacramento hip hop']"
1ZhhIn96uDxZrPeYinban3,2Hkut4rAAyrQxRdof7FVJq,"['album rock', 'canadian metal', 'classic canadian rock', 'classic rock', 'hard rock', 'progressive rock', 'rock']"
0E0bZtTG39K95uRjqBo1Mx,4YJR4xviDKHoelt9WKHlBa,[]
3JpFrN24WdXxeRLdNF9QMf,07oZEFDySnjPl7vqqD8XSq,['halftime dnb']
0NbNeS7zm99Qi5Ysnpk364,7jXQfCP0xRnnind08ie0zT,"['alternative emo', 'emo', 'new england emo']"
11a6GzsfPoLY1bVw3IFeMs,0hCNtLu0JehylgoiP8L4Gh,"['hip pop', 'pop', 'queens hip hop', 'rap']"
1prZ0pr6XoRCxcrC3MCL0M,08GQAI4eElDnROBrJRGE0X,"['album rock', 'classic rock', 'rock', 'soft rock', 'yacht rock']"
2TktkzfozZifbQhXjT6I33,5FxD8fkQZ6KcsSYupDVoSO,"['bedroom pop', 'bedroom soul']"
7bnCNRtPeex7J5vU7gWJ7t,1n65zfwYIj5kKEtNgxUlWb,"['alternative rock', 'dream pop', 'new romantic', 'new wave', 'post-punk', 'punk', 'uk post-punk']"
1BgzsAvfhpEOGFiQ3WjCxn,77PiNTHXxgDCQxxGE5lxOU,[]
6VBCf7JuOpJFnxC8yHfZ5g,6oMuImdp5ZcFhWP0ESe6mG,"['atl hip hop', 'hip hop', 'rap', 'trap']"
6c65fk2c3LiYBpSxQO8VSy,55Aa2cqylxrFIXC767Z865,"['hip hop', 'new orleans rap', 'pop rap', 'rap', 'trap']"
27dUo79lgLEy4Rk5w3UvSL,19KwjzvIL92r29IINtlPNP,"['conscious hip hop', 'dirty south rap', 'gangster rap', 'hardcore hip hop']"
3n2weVIDEc5Z4YOTaDqsww,1SlTeYo2NYg93bGqlQYkwE,"['brostep', 'dubstep']"
7HXcSZsNnjm5HV49Rlk7n4,41ekW4MXG59xJMXR8dX1OG,"['african reggae', 'reggae', 'roots reggae']"
2dKxzd3AMmGpBvKhtsWzI8,656TGMl6uRQSQlFRVCKt7w,"['classic oklahoma country', 'nashville sound']"
0Pt6IuKRMnxuJpP8EZEVeo,1grN0519h2zYqpRtYbDZAl,['cali rap']
1jOgJN75btuUONIdf57vHz,3LZZPxNDGDFVSIPqf4JuEf,['bronx drill']
2gYizv7aCGXQN7bceKwelM,1bqxdqvUtPWZri43cKHac8,['viral pop']
1Ui3r0Ih8F2MroiCWreCYi,6jJ0s89eD6GaHleKKya26X,['pop']
3nEHrvNNtgLv9rneTAYVr4,1h6Cn3P4NGzXbaXidqURXs,"['edm', 'pop dance', 'progressive electro house']"
42JOtajDAVadoj1x84l2Wg,0EmeFodog0BfCgMzAIvKQp,"['colombian pop', 'dance pop', 'latin pop', 'pop']"
5slyc2cJn0VXgXRN1rU54o,3UvcmAOZt64oKpP95f6MMM,"['alternative rock', 'baroque pop', 'beatlesque', 'melancholia', 'power pop']"
1rKjtbqCOJx41lTPtcyIxj,4D9z4fup1x9lkmrPTOWw8A,"['industrial metal', 'industrial rock']"
0jR5Mpd6m393POWTA4yHYb,13g1FZjHzJfxUhjh2nSOf7,[]
3ed2QKreHmLUxZXarR7IGB,69INHlGPwKDzfamLIgICDK,['deep metalcore']
5Q4SaYmdH63hto9fxkd300,5FxD8fkQZ6KcsSYupDVoSO,"['bedroom pop', 'bedroom soul']"
5DHjpB2vk29BySgvGKq6IW,4F0XzHNcfvvA2I0rGqIwAQ,['cantopop']
1oxOiOjsi7plNOZEhoPLPj,7EQ0qTo7fWT7DPxmxtSYEc,"['metropopolis', 'modern rock', 'pop']"
5NYQS0JkqRRfhlliy0P3Dv,6HnHBbeScFiQKXt3sUQA3Z,[]
1tZr7Rgke6DIWMG9uIZAjZ,3sEs624ineS99D7zUWmLVz,[]
3kT6P4hFj0IVr45TjKOLRp,0QHgL1lAIqAw0HtD7YldmP,"['hip hop', 'miami hip hop', 'pop rap', 'rap']"
5fSPbm5lcwtqwXkeQQswW8,2IvkS5MXK0vPGnwyJsrEyV,"['contemporary country', 'country', 'country road']"
3COHXcLRK9brRjMolzkD7Y,2fSaE6BXtQy0x7R7v9IOmZ,"['abstract hip hop', 'alternative hip hop', 'conscious hip hop']"
61r9FFyNgZAnq0DaxlqIsi,2XX59BKe20lYSpsC35gZPu,[]
0cuq829zRNq4AEdmDJA4aw,2PSiyldxmJze7xiqbz658m,"['alternative rock', 'pop rock', 'post-grunge']"
4BM8yJ0PzBi2ZewpMTOxtx,0LcJLqbBmaGUft1e9Mm8HV,"['europop', 'swedish pop']"
4DS8xCu4XlZ0YUzvSIPFKD,6UQmLmeaeHrv4G52qM6GzN,[]
3upCmUgdchN3u0vkedbC5S,7peqq4aACFkBwIWGG0YRJ9,"['contemporary r&b', 'new jack swing', 'r&b']"
59JWp4PjZ9TRM8cmtaDYB1,4O15NlyKLIASxsJ0PrXPfz,"['melodic rap', 'philly rap', 'rage rap', 'rap']"
4ieO3GnOkATpOnUuAx7NCE,6U7MOIhacysUEnfJ41WfhC,"['canadian house', 'experimental house']"
0tokmfCnykEIgvbeekh3cT,63CXDXZChqhcnWzfxW4lU7,[]
6i7mdZTIEUGD7jrc0xnPBV,77gMBvQ2frbQAPyCeoYGm7,[]
2iu60eTIm2py6MaoVMcBAR,4Gso3d4CscCijv0lmajZWs,['rap']
1xW4LlVLLVSXDvS3JflbmM,6ijeN3MhwnbRfo86gH5McZ,['nova mpb']
7fyVBKYJYMP42nNr9RFTAT,4mr4X9nJC8DPlNukWbgAaI,[]
0XmTCQWHgf6dOXJeLjXrzr,08p7B5OtcUuVblvkQIlBhJ,"['contemporary r&b', 'hip pop', 'r&b', 'urban contemporary']"
3Hlf2oTuiBfIXHuRJLl9O7,2AsusXITU8P25dlRNhcAbG,['australian pop']
1r9xUipOqoNwggBpENDsvJ,53XhwfbYqKCa1cC15pYq2q,"['modern rock', 'pop', 'rock']"
5bFIcJJSKtVivKZrmEW5Ma,1FJHPnmVpsqtad5lE89HwN,[]
3UflYagi5CUIKT9B4vW68B,3jHg6aSmg2nTtNaagQHnMv,['japanese vgm']
2NsMwNWumJXCdTg2IZCLZ5,2QWIScpFDNxmS6ZEMIUvgm,"['latin alternative', 'latin pop', 'latin rock', 'rock en espanol']"
4dfvPFbLEa6JzZV4dZTWt7,6Ghvu1VvMGScGpOUJBAHNH,"['alternative metal', 'nu metal', 'rap metal', 'rock', 'sacramento indie']"
1UGD3lW3tDmgZfAVDh6w7r,5K4W6rqBFWDnAN6FQUkS6x,"['chicago rap', 'hip hop', 'rap']"
536gkydNMUKq0SMuQZ1KPT,2UwqpfQtNuhBwviIC0f2ie,"['belgian hip hop', 'french hip hop', 'pop urbaine', 'rap belge', 'rap conscient']"
3qdDjz9kOvquEFbvXBYOMQ,3AA28KZvwAUcZuOKwyblJQ,"['alternative hip hop', 'modern rock', 'rock']"
67QVeMvttYHbB1Zuvh0cn6,0QHgL1lAIqAw0HtD7YldmP,"['hip hop', 'miami hip hop', 'pop rap', 'rap']"
6Jy6p1xGv0n4c5hH0CH3VP,3Uqu1mEdkUJxPe7s31n1M9,"['art pop', 'chamber pop', 'experimental folk', 'indie pop']"
3yk7PJnryiJ8mAPqsrujzf,699OTQXzgjhIYAHMy9RyPD,"['atl hip hop', 'plugg', 'pluggnb', 'rage rap', 'rap']"
5lUTvkPDcgG6tDpyEB2oQg,6KZ3qPhhHhKztEOQ2UCpCt,['lilith']
0vg4WnUWvze6pBOJDTq99k,7KMqksf0UMdyA0UCf4R3ux,['neo mellow']
0nevM5K8CCJOTbAcpOS1Js,4kB1srfgZ4eok7CmDqyOJP,['tech house']
3qJqY8JzPOs0kZjmNIsPqg,2BHk18AENPo0wqbMESkmVB,[]
1ODT3OmSq9oh7U55njhHxB,4FJPplt1JOVw8Q7NiwFmLv,"['house', 'uk dance']"
5PDq165plfTpVJGHxiMKb6,3WHz3uieCuc4JtECGJccZj,[]
2EFiEJ0WdC0zR6NYtoTE1t,12fRkVfO2fUsz1QHgDAG3g,"['chamber pop', 'countrygaze', 'indie pop', 'sydney indie']"
4uH3HBFCY0V0t8K8tqpWHs,0hFSUykrqfVXac7E3ZpiaH,"['grunge', 'supergroup']"
7xp2Twth6TdcFDIm8z2hFQ,4IeWU3NYBI9mISFVhzXG8f,"['crank wave', 'modern alternative rock', 'modern rock', 'uk post-punk revival']"
3Lb8BsYGopEMckI2HFpg7V,2TmrRhHNxjVGvkwZ6SEhFJ,[]
5Rf9JILgZNODI0dnufYRW9,6XYvaoDGE0VmRt83Jss9Sn,"['australian psych', 'double drumming', 'microtonal', 'neo-psychedelic']"
7AmET0CKPGJiXqXAoH5R5x,4fSBHHuUNmMiiE07RGQ0Sa,[]
640lv89AN7jDK5chGNQKtp,6bVRNVg2f91pCAyKnrIOW0,"['dark plugg', 'vapor trap']"
5ERpRNmzDRLTTXA3MCYhjq,2t6FHAUXxi9eiatP2Mavh0,"['classic texas country', 'red dirt']"
3s7MCdXyWmwjdcWh7GWXas,5K4W6rqBFWDnAN6FQUkS6x,"['chicago rap', 'hip hop', 'rap']"
16fUYz4496iiTyzpXIH02y,3nFkdlSjzX9mRTtwJOzDYB,"['east coast hip hop', 'gangster rap', 'hip hop', 'pop rap', 'rap']"
5CRPGdCSOfstyTVK9Ja5EQ,0yNLKJebCb8Aueb54LYya3,"['dance rock', 'madchester', 'new romantic', 'new wave', 'permanent wave', 'post-punk', 'synthpop', 'uk post-punk']"
4tUma2etb9HVEHTeIdJjl3,2OgUPVlWYgGBGMefZgGvCO,"['album rock', 'glam metal', 'hard rock', 'metal', 'progressive metal', 'speed metal', 'us power metal']"
44ut2KJnt0HQMnUaMlDv9W,7dGJo4pcD2V6oG8kP0tJRR,"['detroit hip hop', 'hip hop', 'rap']"
56EYmR9IrFKKYdygcKXrvH,0oBEeN6BCxEgMogzThqrPf,"['contemporary country', 'country', 'country road']"
3UULkHdmLDqBDPmBYltoRE,4DWX7u8BV0vZIQSpJQQDWU,"['alternative metal', 'nu metal', 'post-grunge']"
58ZDwVj1V96BANoH0LYH17,5oGP7o3sYtpOW5rmV99O6l,[]
3Fi4yOHkFTfVzOE7Ac3AgN,6U3ybJ9UHNKEdsH7ktGBZ7,"['hip hop', 'rap', 'underground hip hop']"
73I7Mk2bK1QlFPDV56tbkm,3GI54sDZLfI761jBcsmGxz,[]
5qryR9oz7miCcIMbR5WVhL,4am1I89OWXUzFh4ctRLkdd,['idol']
5g2sPpVq3hdk9ZuMfABrts,1l51Sc9HBh8fLXUDEjFhxU,"['classic soul', 'philly soul']"
54LPBuJIo8Bxm3aRz6sxDH,6jiwihsEyuNCz99P37zQNE,[]
706ZrLifsm0nwlucKr4kQg,5IbEL2xjRtKsunfmsahLuO,"['aesthetic rap', 'cloud rap', 'florida rap', 'underground hip hop']"
7ni78Vjslqo2VxiDOahYlV,0kEfub5RzlZOB2zGomqVSU,"['afrobeat', 'afropop', 'conscious hip hop', 'funk', 'jazz funk', 'political hip hop', 'slam poetry', 'soul']"
7EZC6E7UjZe63f1jRmkWxt,7t0rwkOPGlDPEhaOcVtOt9,"['irish rock', 'pop rock', 'rock']"
1IHWl5LamUGEuP4ozKQSXZ,4q3ewBCX7sLwd24euuV69X,"['reggaeton', 'trap latino', 'urbano latino']"
4b7NkNQD0HWv0fCYJARj3j,2fNqMePnFEB3JNdKMDg5Pg,['abstract hip hop']
4WFWh42DCkPCjcjqITk54S,1FdUgjmEeGCpmAxXatjiEG,['alternative americana']
4q604hQba5940BbOoaenmz,0pCNk4D3E2xtszsm6hMsWr,"['escape room', 'hip pop', 'modern alternative rock']"
3ex9yveBIpssnR6sVvhwiR,5M52tdBnJaKSvOpJGz8mfZ,"['album rock', 'alternative metal', 'birmingham metal', 'classic rock', 'hard rock', 'metal', 'rock', 'stoner rock', 'uk doom metal']"
330cmrgtnIj4NtPTYdDOZv,6FBDaR13swtiWwGhX1WQsP,"['alternative metal', 'modern rock', 'pop punk', 'punk', 'rock', 'socal pop punk']"
21mOjagRSY1WqtPvgrAYLE,4dI7obVTFWgW4kL5yUkL7f,[]
1Rv6Lfdcny3Avjmpm4W4YM,0fs9otT9TtwXUOcFXZomZY,"['afro house', 'south african house']"
4COR2ZPEyUn0lsbAouRWxA,13ab1LgQZ3tQOhkDRRYB8Y,"['electronic djent', 'video game music']"
4Z69VxUgbZyMX7uN6Xg0q9,0cc6vw3VN8YlIcvr1v7tBL,"['album rock', 'alternative metal', 'glam metal', 'hard rock', 'metal', 'rock', 'sleaze rock']"
7EcE5yCPVZaZut1JqowbcI,15iVAtD3s3FsQR4w1v6M0P,"['chicago bop', 'chicago drill', 'chicago rap', 'drill', 'hip hop', 'rap', 'trap']"
7IhBA11OwKYwF99ttcQTWV,0ZQRNkhWsdRdpyYRPH4ORf,[]
2MkFXCcdvVl0LkZmFQ5vYK,5v0XTlB9FqNvfBfnw8n5b0,"['alternative hip hop', 'boston hip hop']"
4h6ViRoztTBpWcJ1zFT9Zg,7tYKF4w9nC0nq9CsPZTHyP,"['pop', 'r&b', 'rap']"
6qfGNHMEchEb1IT2kn0DDd,4iHNK0tOyZPYnBU7nGAgpQ,"['dance pop', 'pop', 'urban contemporary']"
3IOQZRcEkplCXg6LofKqE9,5M52tdBnJaKSvOpJGz8mfZ,"['album rock', 'alternative metal', 'birmingham metal', 'classic rock', 'hard rock', 'metal', 'rock', 'stoner rock', 'uk doom metal']"
73bVYFCVJN1YwCSyRjEslG,3SfrwwVPGtjYTI3vwQ4hEU,"['glam metal', 'modern hard rock']"
0m2NRu7rrpu8yhZHMJMOdv,5X0V59ipZnbvnubW0rQVri,"['alternative hip hop', 'boom bap', 'drumless hip hop']"
1VKPiQJnV15flF5B3zeocD,4TwHRCIu3Xg9fjS3l7owkp,"['disco', 'funk', 'motown', 'quiet storm', 'soul']"
5bdmunTs6O71ao853jCZTy,4pTta0pLvML8AM2AwfgJyE,['dmv rap']
0m3NuZiabJ4wl4HmXONyIP,4Mt6w4tDGiPgV5q6JWPlrI,"['doom metal', 'drone metal', 'stoner metal', 'stoner rock']"
3ppVO2tyWRRznNmONvt7Se,3TVXtAsR1Inumwj472S9r4,"['canadian hip hop', 'canadian pop', 'hip hop', 'rap', 'toronto rap']"
4OdhffpvG3HxDJMxYOKh97,0uAjBatvB4ubpd4kCfjmNt,"['album rock', 'new romantic', 'new wave', 'new wave pop', 'synthpop']"
0X3VdkebZGTuL9sMOMoyHy,6CwfuxIqcltXDGjfZsMd9A,"['metropopolis', 'pop', 'pov: indie', 'uk alternative pop']"
2nOmDTe2wZokdnHOrWKaTl,4TqmaFJYM8SvuhrunxpmT3,"['g funk', 'west coast rap']"
5kHUFelKQcNHj7ymoXLRyM,0RGwDw7utw9jyhSf2TySBv,"['atl hip hop', 'atl trap']"
4r9hiElqKWMPT4Z3vN2exq,6kXm2YCtdUOpRYNKeKhfue,['hollywood']
74FEmr9RkmewSfrHBQdP9c,5z9wLR0RGBcWMXr4fCZW0K,"['alternative r&b', 'uk contemporary r&b']"
18tYorcnDWc67WKc7cMzIE,2R0CFyeMDiRbfkhkIMbyl1,[]
2JzZzZUQj3Qff7wapcbKjc,137W8MRPWKqSmrBGDBFSop,"['hip hop', 'pittsburgh rap', 'pop rap', 'rap', 'southern hip hop', 'trap']"
37uAnLoFKVS5ttugqPuWIm,7gSjFKpVmDgC2MMsnN8CYq,"['neo soul', 'r&b', 'urban contemporary']"
0tB4Q6FHXPPxreaYzsdot8,7x83XhcMbOTl1UdYsPTuZM,"['folk', 'singer-songwriter']"
1xax7vL5EeQr2taK7fRuTM,6AOMzTR3LQuP2lRJyUqCvr,[]
0WtM2NBVQNNJLh6scP13H8,46pWGuE3dSwY3bMMXGBvVS,"['afrobeats', 'nigerian pop']"
6gQeDCsf966fKrUr3OLNTB,5w75MoT8FfcGOMgjgrj1cz,"['british folk', 'folk', 'folk rock', 'singer-songwriter']"
7F02x6EKYIQV3VcTaTm7oN,0k17h0D3J5VfsdmQ1iZtE9,"['album rock', 'art rock', 'classic rock', 'progressive rock', 'psychedelic rock', 'rock', 'symphonic rock']"
0fAehaneUJdlSlWXYe1KZp,3A5tHz1SfngyOZM2gItYKu,"['drumless hip hop', 'experimental hip hop', 'hip hop', 'rap', 'underground hip hop']"
3eEHSKZ0X4pyM3G94foIbQ,1gPhS1zisyXr5dHTYZyiMe,"['baton rouge rap', 'rap', 'trap']"
4ycLiPVzE5KamivXrAzGFG,5nLYd9ST4Cnwy6NHaCxbj8,['atl hip hop']
2S8xyNRJX1XQdo3qnTuovI,3WrFJ7ztbogyGnTHbHJFl2,"['beatlesque', 'british invasion', 'classic rock', 'merseybeat', 'psychedelic rock', 'rock']"
0d1CJxYbDHClRp3qnoAQXE,0YC192cP3KPCRWx8zr8MfZ,"['german soundtrack', 'orchestral soundtrack', 'soundtrack']"
2sOj9vyd6yiss9W1IK6chU,0QHgL1lAIqAw0HtD7YldmP,"['hip hop', 'miami hip hop', 'pop rap', 'rap']"
0hupW3Cw3A9c8ML99wD6dk,7JNff2HS8nrk3x0VZ5pT2X,['alternative r&b']
2HGcnZx2w1HbtXk8RZVv91,3fhOTtm0LBJ3Ojn4hIljLo,"['art rock', 'glam rock', 'melancholia', 'new romantic', 'new wave', 'new wave pop', 'sophisti-pop']"
0KiRc3f3OI9C7s0S1QjQNO,1Yox196W7bzVNZI7RBaPnf,"['alternative metal', 'hard rock', 'melodic thrash', 'metal', 'nu metal', 'old school thrash', 'rock', 'speed metal', 'thrash metal']"
2gU3Ch1ATdUDJk3qfnFc2U,4rv2DBXPXwRSrYhakFq5RE,[]
1dWs9fKUnDbW1vkkM5Votu,3JysSUOyfVs1UQ0UaESheP,"['alternative metal', 'glam metal', 'groove metal', 'hard rock', 'metal', 'nu metal', 'old school thrash', 'rap metal', 'rock', 'speed metal', 'thrash metal']"
62Ip0qwrMahxIUI8h2b1FI,2u7xZP39dtED9EuRX9MUwu,"['scottish new wave', 'scottish rock', 'uk post-punk']"
3X5tOT7Aif4l4ZjRj217pa,3q7HBObVc0L8jNeTe5Gofh,"['east coast hip hop', 'gangster rap', 'hip hop', 'pop rap', 'queens hip hop', 'rap']"
1z3Lac4bdl57XLcu35ma1M,6dlzQ6fiPna40trq1Ek6cb,"['afrobeats', 'nigerian pop']"
0YKYXKJiMuYl7UCw63rPfu,6E4UJvgq8Z9M1NUQ2xTLn7,['5th wave emo']
0w6webWdhjRKdqJ3DeGgM1,5SXuuuRpukkTvsLuUknva1,"['hip hop', 'rap']"
3JCFkb1gVqjIT0hLFyX0Dc,7gW0r5CkdEUMm42w9XpyZO,['gen z singer-songwriter']
2FgCpbd5JNBU7XeDQM16Kq,42KWzHkbr6Q6BV7gSfYkpl,[]
0egjJi46WviT9RxoqMgof8,5delTPpDAtBDsjk60f5xnt,"['emoplugg', 'glitchcore', 'plugg', 'pluggnb']"
1hxkVOTaDcbQLOQAjmQPqR,6TVVIyd0fsRDGg6WzHKyTP,['souldies']
7fI3P8fwj0hWgguUxyVe4n,1pKJXg1AJSPkgIR4uGSLFg,['death doom']
0xbkxTqSaW5blsYgRXpB5I,4Ytvi4r3WPIZmEw1Ndmkp9,"['disco', 'funk', 'jazz funk', 'p funk', 'post-disco']"
1QvWxgZvTU0w8rlPRE5Zrv,7guDJrEfX3qb6FEbdPA5qi,"['motown', 'soul']"
3uouaAVXpQR3X8RYkJyitQ,20wkVLutqVOYrc0kxFs7rA,['canadian contemporary r&b']
0k7wmahjkn389wAZdz19Cv,1RyvyyTE3xzB2ZywiAwp0i,"['atl hip hop', 'hip hop', 'rap', 'southern hip hop', 'trap']"
2G3eTMHh9XJk54ZIIzXCYz,6DNr4SwS1fz3fDusYBqDBp,[]
0GrHWVTDsaWcD4nrCGr7VE,5eAWCfyUhZtHHtBdNk56l1,"['alternative metal', 'nu metal', 'rap metal', 'rock']"
691n7jfrp9qU7HjOELnyAT,1aK2PiGHyEgc4wAIKQzMj2,"['bay area indie', 'progressive post-hardcore']"
217ITcwRb9O0wksWYd7B5J,2hTUU03hjEtu8h7DNncUBN,[]
36J0iaPDGbYGsHvYpaYs3k,1iNqsUDUraNWrj00bqssQG,"['hip hop', 'pop rap', 'rap', 'underground hip hop']"
7y6c07pgjZvtHI9kuMVqk1,3TVXtAsR1Inumwj472S9r4,"['canadian hip hop', 'canadian pop', 'hip hop', 'rap', 'toronto rap']"
2vmfvSoZBFAt9hhRoEByLi,1qto4hHid1P71emI6Fd8xi,"['bachata', 'bachata dominicana', 'latin hip hop', 'latin pop', 'tropical', 'urbano latino']"
5yJzkdwbrQCwua2dIC3K6A,1DvtabXAjfrMihPP6JQdHs,"['dmv rap', 'drill', 'memphis hip hop', 'trap']"
3ZvKtOsrrSJ3oIjm8Lilzd,2TI7qyDE0QfyOlnbtfDo7L,"['jam band', 'neo mellow', 'pop rock']"
5Z8Dj3LtbyCMiwE86rhg2f,4oLeXFyACqeem2VImYeBFe,"['edm', 'house', 'stutter house']"
4F7A0DXBrmUAkp32uenhZt,1Xyo4u8uXC1ZmMpatF05PJ,"['canadian contemporary r&b', 'canadian pop', 'pop']"
2hsarLx1u2OgOmkcJ8ejBm,6nfN5B7Jmi853SHa9106Hz,"['black americana', 'contemporary country']"
2LPwQCwT2o06dx2P1qDizN,5Ho1vKl1Uz8bJlk4vbmvmf,"['acid techno', 'belgian techno', 'dark techno', 'electra']"
5wUUWVRvrciJqFitZF8R0P,2HPaUgqeutzr3jx5a9WyDV,"['r&b', 'rap', 'toronto rap', 'urban contemporary']"
2vXKRlJBXyOcvZYTdNeckS,3hteYQFiMFbJY7wS0xDymP,['dark clubbing']
6cR1U61DMpYbS2TtNTlSvo,0AunegKKH2ys98aLxq8G1A,"['contemporary r&b', 'r&b', 'urban contemporary']"
3VtsbvlvrB6x3fB7Dcyj9x,2I7atnUFOmvMyGPuesD7cB,['metallic hardcore']
1PDP7mLiAMwhfmgIwzhOm2,3TVXtAsR1Inumwj472S9r4,"['canadian hip hop', 'canadian pop', 'hip hop', 'rap', 'toronto rap']"
4YIsSltW7bruPhkNFFKH4W,5kkVPwCLmdkqaSQpptZtXj,"['crunk', 'memphis hip hop', 'phonk']"
3GwlRvhCJPbPZbCE6lK7KC,2mxe0TnaNL039ysAj51xPQ,[]
6Oi5FTOvWeHiauCJ7uxZJN,70gP6Ry4Uo0Yx6uzPIdaiJ,"['queens hip hop', 'rap', 'sudanese hip hop', 'sudanese pop', 'underground hip hop']"
0qdnPX9umHlQBQuv2sYZlo,3XXrhkZKSGd3CUJQFnx5tQ,['reggae rock']
4mmkhcEm1Ljy1U9nwtsxUo,5K4W6rqBFWDnAN6FQUkS6x,"['chicago rap', 'hip hop', 'rap']"
6rB76zMtbHROCNwdelcFri,0QHgL1lAIqAw0HtD7YldmP,"['hip hop', 'miami hip hop', 'pop rap', 'rap']"
0kVE2yBjTwnFqbsrXRKg5Y,7guDJrEfX3qb6FEbdPA5qi,"['motown', 'soul']"
02jLfqc9gMo8PkHEGHY3OT,2LRoIwlKmHjgvigdNGBHNo,"['colombian pop', 'pop reggaeton', 'reggaeton colombiano', 'trap latino', 'urbano latino']"
5U4c8yzDyfiQpn7osv56IA,1t0af5EH36iQVJ06XnLDOt,"['melodic metalcore', 'metalcore', 'post-hardcore', 'screamo']"
2WigMwGJysIh9fRnSJvpjn,3WTrdbZU99dgTtt3ZkyamT,"['afrobeats', 'nigerian pop']"
251dR2FHfhElLZblITtoik,62MkXCxcZ345tVUHsD9NK0,"['indie jazz', 'instrumental funk', 'uk contemporary jazz']"
7FSHUkLuZipISCAvdgxEc2,30VidDqHTbEp8U7CBe1mX0,['indie r&b']
5CzixCxDkRXX9mScCmah8O,4q3ewBCX7sLwd24euuV69X,"['reggaeton', 'trap latino', 'urbano latino']"
4CjrpPOtuLq3aadXJOsxqE,4XniA4dwErLgEX0LmrWEgC,[]
5OuaHyxDqvMwMrfzzxG0iq,4RaMcdJQ6ri99YWCDe2QCF,[]
5XOsO5eO4rCE0zdpa8HwgU,6yJ6QQ3Y5l0s0tn7b0arrO,"['alternative hip hop', 'experimental hip hop', 'industrial hip hop', 'underground hip hop']"
5UvLQncwvEGiRLn0xEZw45,0QaSiI5TLA4N7mcsdxShDO,"['dancefloor dnb', 'drum and bass', 'uk dance']"
0FeY1KxlBQhALD6L6IaDog,2tCl0ipvwJJRJLAuIGf6tm,"['deathcore', 'downtempo deathcore', 'melodic metalcore', 'metallic hardcore', 'progressive deathcore']"
0nCZDQrlWA149QdGTdlsFU,5eyMzR1hYiEZtN2c9ly2kw,['reggae fusion']
6q5AAv5tGYScc7NF2kBoBi,1nSRa2YjjFWJLHGKM07oGQ,"['contemporary r&b', 'girl group', 'hip pop', 'r&b', 'urban contemporary']"
0rzaRSujxA0bKyjJl6vHYq,6KImCVD70vtIoJWnq6nGn3,['pop']
6PZpNMstpIiRenGK5UyG5D,25uiPmTg16RbhZWAqwLBy5,"['art pop', 'candy pop', 'metropopolis', 'pop', 'uk pop']"
6m2qba8pt0oa13nBLA2Nt2,0SCbttzoZTnLFebDYmAWCm,"['glee club', 'post-teen pop']"
3DoyxqXvQkbXGBpim22KjE,6pGuw52TrX5SZPdQSxAvgW,[]
1pZn8AX1WulW8IO338hE5D,1YzCsTRb22dQkh9lghPIrp,"['adult standards', 'harlem renaissance', 'jazz', 'jazz blues', 'soul', 'swing', 'torch song', 'vocal jazz']"
2zqA3y9AdMHG5hcfu9OATL,0SwO7SWeDHJijQ3XNS7xEE,"['alternative rock', 'indie rock', 'indietronica', 'modern rock', 'rock']"
7uBat244nA5mOmWWEfzs4u,2EypJN6Mhelf7mVHGqZ0CH,[]
6pM8OdGarm3Mb8h85pvdzm,6RjVG5S7Sg3EKzJ41qlfnu,[]
4JqusF4byBFBfcv43ZPyjc,6OheJTrDFGiyZ67F1BBLhc,"['classic country pop', 'country', 'country rock', 'soft rock']"
2B98ljvzqpCVgt5reTHq28,1w5Kfo2jwwIPruYS2UWh56,"['alternative metal', 'alternative rock', 'grunge', 'permanent wave', 'rock']"
0xtIp0lgccN85GfGOekS5L,5INjqkS1o8h1imAzPqGZBb,"['australian psych', 'modern rock', 'neo-psychedelic', 'rock']"
1WGIqE7rCmrsERtlIpCGyM,08PvCOlef4xdOr20jFSTPd,['viral rap']
3DTq6oxUWv20TEKQO9IVF3,6tbjWDEIzxoDsBA1FuhfPW,"['dance pop', 'pop']"
7lb9tRV47LQkLsRrqfS3y2,5IfxB0F7E1Ho7C9gIjPZ0K,[]
3BFxkzhkESwALQxjxOVFgJ,181bsRPaVXVlUKXrxwZfHK,"['houston rap', 'pop', 'rap', 'trap queen']"
2BwQ9RVjAjLpTM8D7SPlsZ,4J13m9IZh03PEhoxAxRhXO,"['banda', 'corrido', 'musica mexicana', 'norteno', 'sierreno']"
4sPJgy0CksvmXp9jC0W4gv,0KDuKk6YdEu3hR56HtXmxt,"['neon pop punk', 'pop punk', 'screamo']"
7snWmQ8bsyHIZ4iNcq6zYd,3nlpTZci9O5W8RsNoNH559,"['bachata', 'latin pop', 'tropical']"
7BiELrM90hRxpozaIXbsLw,5pKCCKE2ajJHZ9KAiaK11H,"['barbadian pop', 'pop', 'urban contemporary']"
5d8teBPoQckGEoIFbedI0I,3RG2RtuVdrr0bHS740FIn3,[]
3orEOtd8CPL8GFlpRpKuoE,1Xyo4u8uXC1ZmMpatF05PJ,"['canadian contemporary r&b', 'canadian pop', 'pop']"
7Ddk8FhoYKdsVoX9AOCPMm,0QHgL1lAIqAw0HtD7YldmP,"['hip hop', 'miami hip hop', 'pop rap', 'rap']"
5p0KCAuu5nrHpTuAIhHdLw,26dSoYclwsYLMAKD3tpOr4,"['dance pop', 'pop']"
3PqnBkr83kaVQNKP0qYjQF,0QkgnHpxSCOYdTnhUR9S5k,['bedroom soul']
7m97yKVzPpXV9Z4ezEziOD,3nFkdlSjzX9mRTtwJOzDYB,"['east coast hip hop', 'gangster rap', 'hip hop', 'pop rap', 'rap']"
0jXK4Xy4LAEKFgRiTr3M7w,3BNDjSD67jJE4fhxX1b2OV,"['j-metal', 'japanese power metal', 'visual kei']"
6eQQLxpKeoNqwT90zSD4Em,06XDzzi31mBGSsaAABTZLb,"['italo dance', 'slap house']"
4QsydCpahHGMs4gCuBxYit,0doWQ3Vhqja2vDTM1B2FkK,[]
6XQoXvZzIIOsUVobKDwPtg,37PZXblQTqpEWGdjctNcGP,"['brostep', 'dubstep', 'gaming dubstep']"
6h1EFkehnrGbdkZAMd5WGb,10u8mSJOaclUWCEmOliQTx,[]
7jjnn6K7p5MgOFuqLypAcM,6Xgp2XMz1fhVYe7i6yNAax,"['melodic rap', 'rap']"
3nSIvZpvO6kU87bmSGwZVV,1ZzmTycawZ9YbMeiKcfKLL,"['acid techno', 'modular techno', 'russian experimental electronic', 'russian techno']"
7CvtBcThQ4piVKkfUXieig,68kEuyFKyqrdQQLLsmiatm,"['conscious hip hop', 'hip hop', 'rap', 'underground hip hop']"
7IM73yy9leN8ftZsOVmVTO,5Igpc9iLZ3YGtKeYfSrrOE,"['bass house', 'edm', 'electro house', 'house', 'melbourne bounce', 'pop dance', 'progressive house', 'tech house']"
04wZCMp09RzbRA8qoxjsTF,2dE5audbkV3o5cKxvM7lBD,"['australian metalcore', 'australian post-hardcore', 'metalcore']"
3mviVwTxDPVvbEPksU9v1z,5xb6N7aIDrBrBr4RDLYUjZ,[]
5gukv8x9eP58gFy2OcZEBQ,69761NObDw2KwmmFgZmxzC,['alt z']
1uv4YqsZyX4D1lfLF9roZB,0X2BH1fck6amBIoJhDVmmJ,"['indietronica', 'metropopolis', 'pop', 'uk pop']"
3ofQNfu5UDnaoA5b5QEa3N,2Mhgtj7GnF4vvdfCTHTajF,[]
4oYp5Oqd4IR9N478TuhbaU,6j6F50FbUBrxIgonUILNIO,[]
7iyKbBjb2fmTnTfCjCh7ER,3WGpXCj9YhhfX11TToZcXP,"['australian pop', 'pop', 'viral pop']"
7e9muX3m3ebLjjR9zaWbuP,2WPn0emjr8XPmMOT0bBcPe,"['classic soundtrack', 'vintage italian soundtrack']"
12PNcnMsjsZ3eHm62t8hiy,0QHgL1lAIqAw0HtD7YldmP,"['hip hop', 'miami hip hop', 'pop rap', 'rap']"
6lQMz8E5JIB0gePDWxHwam,3DiDSECUqqY1AuBP8qtaIa,"['neo soul', 'pop', 'r&b']"
7anSoGdgtmJTAPZBzcPhO6,0KPX4Ucy9dk82uj4GpKesn,"['r&b en espanol', 'reggaeton', 'trap latino', 'urbano latino']"
6r0QD13T4lmitBgpIE2fRQ,5p9HO3XC5P3BLxJs5Mtrhm,"['pov: indie', 'psychedelic pop']"
69NWTDajcgis6vLEyaPMEh,1Uk1GyijF6fSfX4mWq5bfR,['indie pop']
3Qig3auHwFlgO00p5QM6oJ,0xOeVMOz2fVg5BJY3N6akT,"['pop rap', 'rap']"
2Y5SF0MhFSlLxEKV8qrGfc,7w9jdhcgHNdiPeNPUoFSlx,"['boston punk', 'boston rock', 'celtic punk', 'celtic rock', 'punk']"
2mqTtvbKxH7SoEQ2oGAnsA,6vWDO969PvNqNYHIOW5v0m,"['pop', 'r&b']"
3MtmuBO41qbBp9qkg7o1Hh,12fRkVfO2fUsz1QHgDAG3g,"['chamber pop', 'countrygaze', 'indie pop', 'sydney indie']"
30iF3F3WvZ22dcNxI48lo7,1PqdKx88nAgPolRy079lMl,['jazz trumpet']
6iiAfo4wTA2CVC3Uwx9uh8,06HL4z0CvFAxyc27GXpf02,['pop']
4RQGig0Vhr4GXmqfklCCyK,5WVf5DCSYmK4JYD6vIcttw,['vocal house']
3oXNIpoUMdk8qGkwCeXqGv,3UVRliakQfa1pMWIsNuiZ8,"['contemporary r&b', 'neo soul', 'new jack swing', 'r&b', 'urban contemporary']"
6lzDycd60SJ7H8y6wuESGl,7EhUXju6pssa8o3CvFJTew,[]
48HOXQQZqlTty0cBIkUmT2,5E704N5StxMVKpalhaJ5L3,"['acid house', 'big beat', 'britpop', 'dance rock', 'hardcore techno', 'hip house']"
3BnDvpeuGOj21Ir2aVEtQo,46pWGuE3dSwY3bMMXGBvVS,"['afrobeats', 'nigerian pop']"
6NBCyYqXEhv6E3PPae4WKb,6M9PPNzLEPLK8O4HLWG36p,[]
5kcuHw8WtxauIWI5crMcLM,74KM79TiuVKeVCqs8QtB0B,['pop']
6rS4IUHjMYrijrDdQF1Z8z,03r4iKL2g2442PT9n2UKsx,"['alternative rock', 'east coast hip hop', 'golden age hip hop', 'hip hop', 'old school hip hop', 'rap', 'rap rock', 'rock']"
3fcGGP62sllcNEhuFJVYeC,0roeI3yPusDWwWRzAqTopw,"['britpop', 'dance rock', 'grebo']"
4IVtwWBNj9NEBNR7tkXDqb,5RTLRtXjbXI2lSXc6jxlAz,"['alternative r&b', 'indie soul']"
7ev5KssrPo4hVEHWYQ1yvS,6S2OmqARrzebs0tKUEyXyp,"['pop', 'post-teen pop']"
70LcF31zb1H0PyJoS1Sx1r,4Z8W4fKeB5YxbusRsdQVPb,"['alternative rock', 'art rock', 'melancholia', 'oxford indie', 'permanent wave', 'rock']"
6AizmGCrFRQHru1Qf8WKoJ,7iK8PXO48WeuP03g8YR51W,"['reggaeton', 'trap latino', 'urbano latino']"
6wj7wjtegmkziorQ2tt5Pz,6U3ybJ9UHNKEdsH7ktGBZ7,"['hip hop', 'rap', 'underground hip hop']"
4ALudp1mCCustNVIVKK3pq,0sBSVbPm3QRd2LnDao9H9U,['pink noise']
0REv856zadB0e8IM1brlwr,6S2OmqARrzebs0tKUEyXyp,"['pop', 'post-teen pop']"
3BD7KEWfDPCitssI86LCdf,4gFssfOmWNY3LfIZ3zyoy4,"['banjo', 'bluegrass', 'indie folk', 'mandolin', 'new americana', 'progressive bluegrass']"
3RtapbUtHJgnVlZWahStUS,24nUVBIlCGi4twz4nYxJum,"['k-pop', 'k-pop girl group']"
3aEDTqPcVXDiuKXaedAZgx,4OYIkXBBN6ET96coWyWAXh,"['dark trap', 'underground hip hop']"
1ga4PztXOIw1yBbdUt2X8v,790FomKkXshlbRYZFtlgla,"['reggaeton', 'reggaeton colombiano', 'trap latino', 'urbano latino']"
4MiARxvGTus7NZdCaOTT3H,40tCsxPX1YnlswTRI1Ixgz,[]
3AVPfrVKxIMu790L9cdLOX,6bl1H2HRrm2CvtagAx594t,"['alternative country', 'austin singer-songwriter', 'classic texas country', 'outlaw country', 'roots rock']"
0vFMQi8ZnOM2y8cuReZTZ2,4xFUf1FHVy696Q1JQZMTRj,"['classic oklahoma country', 'contemporary country', 'country', 'country dawn', 'country road', 'dance pop']"
5Qh2q9g7iP4WXZofuX0WXZ,2qqZbV6smvvtohQOUgZqKa,['modern dream pop']
2jcmlr3hmZD1f2wytBlhDz,0y0DWmvOolJLE7u6VfiPrc,[]
28st7rwvnWNAwWaafw1X4a,3ZMur3elMyOs248ah86NRk,"['alternative hip hop', 'boom bap', 'chill abstract hip hop', 'drumless hip hop', 'new jersey rap', 'psychedelic hip hop']"
2UikqkwBv7aIvlixeVXHWt,4YLtscXsxbVgi031ovDDdh,"['contemporary country', 'outlaw country']"
2614m1imjLEnBfmxkweKCB,4fDx6CTJ4KWhnAg6TvwmWe,['musique urbaine kinshasa']
2tQM1BUrXp2kqOM6mN11TC,55Aa2cqylxrFIXC767Z865,"['hip hop', 'new orleans rap', 'pop rap', 'rap', 'trap']"
0E9n6iGoIhz3Whp7gTO6yI,111WEufNVhB1lRCVHAqEve,"['corrido', 'corridos tumbados', 'sad sierreno', 'sierreno']"
6zSpb8dQRaw0M1dK8PBwQz,3PhoLpVuITZKcymswpck5b,"['glam rock', 'mellow gold', 'piano rock', 'rock']"
1eIDCrO1Jf476HRITLXZkM,7tr9pbgNEKtG0GQTKe08Tz,['experimental r&b']
3c7CX6GDPqGs7OJqxoBDWx,5qa31A9HySw3T7MKWI9bGg,"['alt z', 'pop']"
5EQzuYfTZt7B2LqlvTF49l,4S9EykWXhStSc15wEx8QFK,['canadian pop']
5LOi74uXEvIyAy10kPFBQ5,6WmcwbAC7wUcuPzXzxxcG6,[]
1XyzcGhmO7iUamSS94XfqY,7n2Ycct7Beij7Dj7meI4X0,"['k-pop', 'k-pop girl group', 'pop']"
2ROQe6QkIXODJRx0y8UjzV,2p4aN0Uxkk3iT3HK0cJ2cJ,"['rap latina', 'trap dominicano']"
5zzbToGMuEli0E7RVFIhDA,7IAFAOtc9kTYNTizhLSWM6,['indie folk']
44kI7aJvJAYJkREVk0Rmei,69UypehHabb68utzfjAVlV,"['latin pop', 'puerto rican pop']"
1fOkmYW3ZFkkjIdOZSf596,2h93pZq0e7k5yf4dywlkpM,"['lgbtq+ hip hop', 'neo soul']"
6Obxom3RrglUd3t6HDgW9h,0Uj2hge2fxypJ7f4ik6lpr,"['christian metal', 'christian rock', 'swedish alternative rock']"
6PEQCw5UdjZDpsOxVV8AuG,6olE6TJLqED3rqDCT0FyPh,"['grunge', 'permanent wave', 'rock']"
5PYQUBXc7NYeI1obMKSJK0,6jJ0s89eD6GaHleKKya26X,['pop']
2Co0IjcLTSHMtodwD4gzfg,2uYWxilOVlUdk4oV9DvwqK,"['brooklyn indie', 'pov: indie']"
1BwKfIoagbU9Pzw6g86wYB,3s8alQfNnY0roAHaJh7Xxt,['soul flow']
52foF5uPvKsKtTtmm1vylg,1rlC0qRy1Ndg2uAoFoFlyJ,[]
7Gb68HZf09naOmuiJ8EbvY,7rAkKdMe1KBr17DfIOkgeg,[]
3JIohlY3x8YLOGHdfoWxyR,5IbEL2xjRtKsunfmsahLuO,"['aesthetic rap', 'cloud rap', 'florida rap', 'underground hip hop']"
3GoRUJToIX17Ay3LfiFNym,7K5Lm5dxoEwEpOS0Fc3l3s,['indie folk']
40NEsJv5x0HsxDrvvxLwvc,3b8QkneNDz4JHKKKlLgYZg,"['contemporary country', 'country', 'country pop', 'country road', 'modern country rock']"
2QurCbkPO14pjrikPNja0h,3aQeKQSyrW4qWr35idm0cy,"['dance pop', 'gangster rap', 'hip hop', 'pop rap', 'r&b', 'rap', 'southern hip hop', 'trap', 'urban contemporary']"
4HK7GINHoeRD8ojkOYIy1u,5sD1ZLf2dGQ9gQ3YJl1eAd,"['alternative metal', 'alternative rock', 'grunge', 'pop rock', 'rock']"
1ICqpf7OYjH09oepUWopUm,3CsPxFJGyNa9ep79CFWN77,"['bolero', 'bolero mexicano', 'tropical']"
3jcbIbsbcDAfJ0qhYen50n,6Nii4K84ZzBZS8X2MP8c9t,"['chillwave', 'grave wave', 'nu gaze']"
7vrZZHRpZHO41VkUQuXBTY,6meTcQ79DrfkIuSLPZkpBg,"['alternative emo', 'emo', 'pop punk']"
7EtQ5CqjSRgItuTYXeEtc9,7k29FbDq69ju2fe6zTskxY,"['melodic death metal', 'swedish melodeath']"
6NOWq0oeufS8jQTv1zrZ0I,1h6Cn3P4NGzXbaXidqURXs,"['edm', 'pop dance', 'progressive electro house']"
3jXptpf8Z3aU9O1Bj6YCl0,1cXi8ALPQCBHZbf0EgP4Ey,"['horror punk', 'new jersey hardcore', 'new jersey punk', 'punk']"
0XtKJJq4T5oksU7im4SUdD,02uYdhMhCgdB49hZlYRm9o,"['alternative rock', 'garage rock', 'garage rock revival', 'modern blues rock', 'palm desert scene']"
4bSYF9EduFP760z7ZFbINH,2LuHSsNL6BfWXAwAYjcgcd,['focus trance']
2Ps3sfQyPCCD9exqWqNMM8,2x7EATekOPhFGRx3syMGEC,"['alternative dance', 'indie poptimism', 'nu disco']"
5DpCBNoK5hNDg99rZJj8Kq,79BnjelQek2IYrRBcw48EC,[]
1zB4vmk8tFRmM9UULNzbLB,53XhwfbYqKCa1cC15pYq2q,"['modern rock', 'pop', 'rock']"
2gpaJPUWNx2xmOwy2NNLu8,0XeEobZplHxzM9QzFQWLiR,"['corrido', 'corridos tumbados', 'nueva musica mexicana', 'sad sierreno', 'sierreno']"
41ipOYFGT2MW4dvOPkoK1f,2HPaUgqeutzr3jx5a9WyDV,"['r&b', 'rap', 'toronto rap', 'urban contemporary']"
2zFdsAIk9r2Mi7Lmm1w3sM,3CkvROUTQ6nRi9yQOcsB50,"['album rock', 'art rock', 'classic rock', 'hard rock', 'mellow gold', 'progressive rock', 'rock', 'soft rock', 'symphonic rock']"
2cKehKyDEn6ovatYVIxb7n,1XwL3qdo0jPmliKRgxY5TL,['bmore']
2HmMklpgK8vGCpJmPpz1yG,3grHWM9bx2E9vwJCdlRv9O,"['contemporary country', 'country', 'country road']"
6GD1eomgaGT1Epto6Q5eAo,164Uj4eKjl6zTBKfJLFKKK,"['modern indie pop', 'pov: indie']"
76ORWUrkza3xJiYo2tFGmJ,44UkgtXZf9RBrGggEj7OiT,[]
7fVl8f473napgd3AtSbB2S,5F211gZjfoqvH8v7erGdsy,"['ccm', 'christian alternative rock', 'christian music', 'worship']"
3Yqk2pdNJUtI7VOtweASV8,17UkABEasVRlCcIFZ3wHb7,"['diva house', 'europop', 'talent show']"
2dOBsJnZHmGAr0yQgDo56E,7JFinw4LobpCUjapyKvsjo,['uk contemporary r&b']
6sToW2vF0y8ZEXuHoMQob9,6QgOGgahvXBHEEzpjbDsOj,"['ccm', 'christian alternative rock', 'christian music', 'worship']"
4meVVLsRU31qZieqsOcb25,7z1VrrLktQYoS9C0cFbfnI,[]
4MrfPgZE16u5AyEQbM6ZFJ,7MdlXmq2HViAJWo9cf30sR,['tech house']
7G7JZECVScySAqBhgO8C3k,03r4iKL2g2442PT9n2UKsx,"['alternative rock', 'east coast hip hop', 'golden age hip hop', 'hip hop', 'old school hip hop', 'rap', 'rap rock', 'rock']"
1mqytV5qZcmzG6MgvJCpkQ,0O0lrN34wrcuBenkqlEDZe,"['new romantic', 'new wave', 'new wave pop', 'post-punk']"
3CvtJZxjjBWCm1OTGbHIQH,1KXTegXtnCPKXjRaX1llcD,"['turkish hip hop', 'turkish trap']"
3dneikVwxiwGpguugaNtQc,1IbE7R5bQCSBeMhVRbWnU7,[]
3eN46sMTppXYMAyWi37wn1,3TVXtAsR1Inumwj472S9r4,"['canadian hip hop', 'canadian pop', 'hip hop', 'rap', 'toronto rap']"
0nDpUq6nY7eWsFPQcVizpI,6ra4GIOgCZQZMOaUECftGN,"['art rock', 'blues rock', 'experimental', 'instrumental rock', 'jazz fusion', 'jazz rock', 'progressive rock', 'proto-metal', 'psychedelic rock', 'symphonic rock', 'zolo']"
3gnWLf9sOxHa0RbIOjzDOx,515f4vsvg0JQWrmt7qpR6l,"['puerto rican indie', 'tropical alternativo']"
3g6nGCEj7NK0KabxlfL9co,49tQo2QULno7gxHutgccqF,['la pop']
0FQ1jILXJDTHrlHee3kkxP,6JLwyyc3LBwRXEODjugQ4D,"['francoton', 'french pop']"
7E2ZNBAy0DFOWC5RUEyh5V,2NFrAuh8RQdQoS7iYFbckw,"['nightrun', 'popwave']"
0zMkPeOXFjcDJymkJl5qZD,4QZdOCb3UacKbQ1ybDFAKM,"['black americana', 'folk', 'memphis americana', 'new americana']"
4tXYBvprF5S5DIj0ZWZWkE,4wf6GGNBqaU79839E6yjfn,['australian hardcore']
2j5bHQAndEClzp0kvICy3w,2MRBDr0crHWE5JwPceFncq,"['cancion melodica', 'latin pop', 'mariachi', 'musica mexicana', 'ranchera']"
5bMSO2vubGmv2tFfXbLlY9,2auiVi8sUZo17dLy1HwrTU,"['afrofuturism', 'alternative r&b', 'r&b', 'urban contemporary']"
2HLnzsXJ3mD9UWAa3RY89n,163tK9Wjr9P9DmM0AVK7lm,"['art pop', 'metropopolis', 'nz pop', 'pop']"
5tmrnhMxx39jnu3kjopMdP,6GI52t8N5F02MxU0g5U69P,"['blues rock', 'classic rock', 'mexican classic rock']"
5cLiCs2qvZEZDui3saQJI4,70MMkLXtue3Edj3RJhJkYp,"['alternative rock', 'britpop', 'new romantic', 'new wave', 'post-punk', 'punk', 'uk post-punk']"
7cZoAjj5vufdREBJZGW2lH,7Gi6gjaWy3DxyilpF1a8Is,"['corrido', 'corridos tumbados', 'musica mexicana', 'nueva musica mexicana', 'sad sierreno', 'sierreno']"
5Ru9OjtEw5htfnVKpYsIcv,0Mz5XE0kb1GBnbLQm2VbcO,"['conscious hip hop', 'east coast hip hop', 'hip hop']"
3zOF8CgCkDKNwMbsQuFsIA,42LEQxfXLEuzdqorKBbUVN,['rap boricua']
6xVr5ivengIkx4q4VacaEJ,2gFsmDBM0hkoZPmrO5EdyO,"['blues rock', 'double drumming', 'electric blues', 'jam band', 'modern blues', 'modern blues rock', 'roots rock', 'southern rock']"
7BV0tzSmF96PtDbsWop9Bo,3KIX7sAMvFDFFPYubKRZ5w,"['norteno', 'tejano']"
5H71jDeOD6likR5RyNuDsw,1w1588f2RuG0BIlUoChffY,[]
4zvHZWOGyL7WcmqHOgtGCW,7wbkl3zgDZEoZer357mVIw,"['bedroom pop', 'bergen indie', 'norwegian indie', 'pov: indie']"
6P8rBeOxn0ervew8cr0jcD,5tQMB0cuNXdCtzovGt55uD,['plugg']
31vQWnu1eIEdQtddYlh5oM,3EOYqVbwkv9LGRkqcoucH4,"['bubblegrunge', 'diy emo', 'orlando indie']"
6lHz9vaD9fxEHJnzYkN5Nq,4wyNyxs74Ux8UIDopNjIai,['uk alternative pop']
3k4CoiIQXiNBrwrmbBMDxj,6vWDO969PvNqNYHIOW5v0m,"['pop', 'r&b']"
19WnP6fC16MWHXRTFm8SuB,2Z3KO9HRnuLNx4gwGByB1t,['classic texas country']
2PljnVsnl2PRwCvfhbdQup,181bsRPaVXVlUKXrxwZfHK,"['houston rap', 'pop', 'rap', 'trap queen']"
55M1BEyX98BsRFwkpcVBVi,2eXe5H2p9q1VQVVZ0nnkyO,[]
5EZhrCXl5WOerBG2lrFCqw,294lNTPZfdqyzt8qnxmFiL,['alternative r&b']
0zRLsG2zShNCIJ5wzc7XTM,56AjolHPBK3quWqexQDHoy,[]
5tz69p7tJuGPeMGwNTxYuV,4xRYI6VqpkE3UwrDrAZL8L,"['conscious hip hop', 'dmv rap', 'hip hop', 'pop rap', 'rap']"
0RhYWcRxUljBv363WhAbtu,4MQsNhP9u10g1xuxaJBF0S,"['british alternative rock', 'leeds indie', 'modern alternative rock', 'modern hard rock']"
6A1MJbqxcHvNcT0u9qMqEP,1LB8qB5BPb3MHQrfkvifXU,"['album rock', 'beatlesque', 'classic rock', 'glam metal', 'glam rock', 'hard rock', 'heartland rock', 'mellow gold', 'power pop', 'rock', 'soft rock']"
2Ade9c11GwFag5ODeQUczL,3LAo0kyMq9HlBmvrYWityg,[]
50WIRW5ItqEWp0a5Y2O5ja,1nU5sy3VY6QVb3911tgXk3,[]
22NJ4gaxcMI4j5Fg8dbnug,0wt7kveV9BteRyhkkWGj87,"['classic texas country', 'red dirt']"
1fDrmqH34hJ5Lx1w3ketXU,4XquDVA8pkg5Lx91No1JxB,"['black americana', 'modern blues rock', 'neo soul']"
2I56z3bej4gMiYUiGKaiwR,6qFt3TjvxMt77YGsktWG8Z,"['french hip hop', 'french pop', 'pop urbaine', 'rap conscient', 'rap francais']"
3cTmJcHYrOKRadRRuD4TGp,5OGraDcSkO4oTWthkm77WL,[]
22DKsoYFV5npPXmnPpXL7i,17lzZA2AlOHwCwFALHttmp,"['atl hip hop', 'hip hop', 'pop rap', 'rap', 'southern hip hop', 'trap']"
6GUiIbJ834FcHewby3PwV0,2W8yFh0Ga6Yf3jiayVxwkE,['pop']
76nvqWPFucUra1xCkN1tnD,1YEGETLT2p8k97LIo3deHL,"['canadian rock', 'pop rock', 'post-grunge']"
08Wc3X7XNSyF8WYBPt2L8E,7CajNmpbOovFoOoasH2HaY,"['dance pop', 'edm', 'electro house', 'house', 'pop', 'progressive house', 'uk dance']"
4Sfa7hdVkqlM8UW5LsSY3F,7gjAu1qr5C2grXeQFFOGeh,"['indie rock', 'indietronica', 'modern rock', 'neo-synthpop']"
0Fl4eWzVaMUOdXcOrj6F1q,6vWDO969PvNqNYHIOW5v0m,"['pop', 'r&b']"
4EWBhKf1fOFnyMtUzACXEc,7pbDxGE6nQSZVfiFdq9lOL,"['bedroom pop', 'pov: indie']"
5iRL6AaaAbyDQJE5pmyJ08,1g1nVvle9qO9AWIUWYvPAP,"['classic schlager', 'german pop']"
71jsF4OHVO3PgAHrD2d9u5,45Yz90pqjzEdJzpEQg1eII,"['brazilian hip hop', 'rap df']"
4rO64nKQndJf3Yxs4jByKn,48VgYEfRllDfyLl4BEMVSF,"['modern indie pop', 'pov: indie']"
19fuLoVyOa6Ok2xWbMpXxH,4AA474G2hRfrHyGrfyDseO,"['cali rap', 'sacramento hip hop']"
3WfSNAoj2D8C9noPSGZZFM,4LLpKhyESsyAXpc4laK94U,"['hip hop', 'pittsburgh rap', 'rap']"
2P7dqEsGAvdVBCWeycm0vI,2QsynagSdAqZj3U9HgDzjD,"['reggae', 'roots reggae']"
546So9htbqrEZSEuu0hEx7,6q2peHL8h2vUGvWNbsIjii,['detroit trap']
6vw6BRRiZzr42h2qfx8o2F,6rEGDFJ6w7uIbjxlmL4LLK,[]
70kl2uIlsxiBOBfHtEn7YJ,2pi7sRYeC2dlYSE85iPznZ,[]
5ClwobtVYDHFUuSwLCaLz4,639n3D1rBe6EYqhKd5HwnY,[]
0zZRYdXy3STXl8o847K5By,3fMbdgg4jU18AjLCKBhRSm,"['r&b', 'soul']"
29GefKRTSVW3ag4Xegm8jP,4LLpKhyESsyAXpc4laK94U,"['hip hop', 'pittsburgh rap', 'rap']"
1797zYiX4cKosMH836X9Gt,4q3ewBCX7sLwd24euuV69X,"['reggaeton', 'trap latino', 'urbano latino']"
6eHgupxpb00Lzygak9eTYQ,0L8ExT028jH3ddEcZwqJJ5,"['alternative rock', 'funk metal', 'funk rock', 'permanent wave', 'rock']"
12sXX3cUzBCpwjIzqBYIw1,4Dj6yFk1Y4v6J4jZyhtrZ7,"['canadian contemporary r&b', 'indie r&b']"
5ThmEOnB7vaWd3ZgwTtFpa,2a6oXgQSBL768Y2W592vmZ,[]
7trx783SvnHhKkmgSSTIFJ,4hz8tIajF2INpgM0qzPJz2,['pov: indie']
1ovZe7upcqycTuPFfOg6kB,2xCYQunn7ZXK6qOwXWPvcF,[]
6gXrEUzibufX9xYPk3HD5p,0ECwFtbIWEVNwjlrfc6xoL,"['album rock', 'classic rock', 'heartland rock', 'mellow gold', 'rock', 'soft rock', 'yacht rock']"
7jpwQn03XpQM2T4QxBKW9f,7tguHMzv83NjmVpNjT4FpS,['philly indie']
4f1IMlBKDr1Qpg3h9uzcQ4,7dOBabd5O4CvKrg4iriHTM,['nu metal']
5Ru2zO8VqSBBpiuRa6FJnU,4guK7U9J36z76E1tWecJ0J,"['dfw rap', 'trap queen']"
7IyoX3OiHffiz9RPToCKbz,7l1UtP9HDcanyFwHs3abSw,[]
6kigTMUuYG2TXhCFNZxeDb,7qbvNcfTfckhCNM8NiR8nN,"['alternative emo', 'dreamo', 'emo', 'indie punk', 'lo-fi emo']"
4BWqc7XhJPFkbCvfDcAdYl,5yPzzu25VzEk8qrGTLIrE1,"['pluggnb', 'rap', 'trap', 'vapor trap']"
0PiqQvwJA1TiOFIjmG58rS,3TmaQHOfq1olDKHtE38zYT,"['crossover thrash', 'new wave of thrash metal', 'texas hardcore']"
5y80tTKt5x1a3gLWrWUTRG,58tCW7poCEjQCqJTaeVsSF,['indonesian r&b']
7otCGmgp9h4CsR2LhwB6gt,2txHhyCwHjUEpJjWrEyqyX,['chill pop']
1W3rvLtqwYDp8nSzo4sWmp,5mnxMXIM6BNhVVTXnBatKa,['australian techno']
6ENJiFz2P8cNu1yftOI5rI,56OMwqr8qaLIRH4ZrvvdXq,"['alternative hip hop', 'hardcore hip hop', 'hip hop', 'west coast rap']"
5RHfaQykha6vTgFVDjnkG0,2VYLxNIhEBWmMVBZJElGFD,[]
10xV5l9nhLvFpR8mqzs0bL,64KEffDW9EtZ1y2vBYgq8T,"['brostep', 'edm', 'pop', 'progressive electro house']"
1lGtn2Y4XarLIKdgoAeUdU,40ZNYROS4zLfyyBSs2PGe2,"['classic oklahoma country', 'modern country pop']"
6WQ4c9jQ6MWXav30bqlGir,4XC335ouK6pXyq4QiIb8bP,['house']
6e9Ew4AECYwY5Xgs2ZKMgp,2R21vXR83lH98kGeO99Y66,"['reggaeton', 'reggaeton flow', 'trap boricua', 'trap latino', 'urbano latino']"
3agtg0x11wPvLIWkYR39nZ,6XyY86QOPPrYVGvF9ch6wz,"['alternative metal', 'nu metal', 'post-grunge', 'rap metal', 'rock']"
3VItRqwD5bu4yvRVX4UYB5,3hcs9uc56yIGFCSy9leWe7,"['chicago drill', 'chicago rap', 'drill', 'hip hop', 'rap', 'trap']"
2cIDetbjLPkhYf4r7z86WH,1aw0Cdl1DIrtUrUA6fGbAR,"['argentine reggae', 'rock en espanol']"
70UgGRhAUz2EjcDYvnf9kK,2sflbTtCirog5VxD6jPAfb,['viral rap']
6HMtHNpW6YPi1hrw9tgF8P,56oDRnqbIiwx4mymNEv7dS,"['escape room', 'minnesota hip hop', 'pop', 'trap queen']"
1yZyPhdJF5L60qDUeuwojc,2jbd7OqeJJd1hz81vOXwwW,['modern indie pop']
1oSh0SKc4MwmXSGiTtqSXp,0QHgL1lAIqAw0HtD7YldmP,"['hip hop', 'miami hip hop', 'pop rap', 'rap']"
14wSiOY3ZjskXuFj4xiEAD,2KEqzdPS7M5YwGmiuPTdr5,"['art pop', 'electropop', 'indie pop']"
1xHnOWOys4LvAAhEhWDFYt,3KNIG74xSTc3dj0TRy7pGX,"['alabama rap', 'trap']"
6wign87DUJTlNzrFYQKcut,2OaHYHb2XcFPvqL3VsyPzU,"['alternative r&b', 'dmv rap', 'trap queen']"
1U4pYd8XGOYr9GvKqIprCa,181bsRPaVXVlUKXrxwZfHK,"['houston rap', 'pop', 'rap', 'trap queen']"
7lPgKA5mLFNmGPMdb07OlM,7A0awCXkE1FtSU8B0qwOJQ,"['electronica', 'future garage', 'indie soul', 'indietronica']"
6hzbRKhJHo6cfCHSnNaDS8,4LLpKhyESsyAXpc4laK94U,"['hip hop', 'pittsburgh rap', 'rap']"
1c7bTtnrdFONK1RAmsz2nX,4ntkql3f3ect7NDRUJ7aAY,"['girl group', 'movie tunes', 'post-teen pop']"
4y9OmPdcd9qSECK7Daz588,5ybU1P0ufoGH5CMclUKebd,[]
3ix6K4wZY29bCujrSznwFZ,0oSGxfWSnnOXhD2fKuz2Gy,"['art rock', 'classic rock', 'glam rock', 'permanent wave', 'rock']"
0lFszpA0BWKDvEbmofYQhi,1iHaJ84BqipzAefeXNAsdL,"['future bass', 'vapor twitch']"
21AVDlu0CZaBRYCr383U2u,6HdzzeYLy6K45XHwmu5Xs6,[]
3fTEcn7Jt6Dq3NVVdNvl4w,25uiPmTg16RbhZWAqwLBy5,"['art pop', 'candy pop', 'metropopolis', 'pop', 'uk pop']"
6MR5IBSNfDmiwnrlQpVw4w,3TVXtAsR1Inumwj472S9r4,"['canadian hip hop', 'canadian pop', 'hip hop', 'rap', 'toronto rap']"
25KybV9BOUlvcnv7nN3Pyo,1Xyo4u8uXC1ZmMpatF05PJ,"['canadian contemporary r&b', 'canadian pop', 'pop']"
50Y68KdA0XGCVokXTqlmMe,3s8alQfNnY0roAHaJh7Xxt,['soul flow']
1fjB9hdAjlHSS9oH5z63qt,7xeM7V59cA1X8GKyKKQV87,"['latin arena pop', 'latin pop', 'mexican pop']"
4TnUKixNWMfajncgdSwFoi,5vngPClqofybhPERIqQMYd,"['contemporary country', 'country', 'country road']"
0pMfPzdRiPAoSM9yWF4OcT,70kkdajctXSbqSMJbQO424,"['classic texas country', 'contemporary country', 'country dawn']"
3yWAyRHfclztY1TzF2gAUD,3C6chBmZ9wzisBhoh8G2nK,"['new romantic', 'new wave', 'new wave pop', 'synthpop']"
0xxZY5C9xxij3D1HkzbnfC,42MRYPhQfcEXqb18dl5ERX,"['halloween', 'novelty']"
3awnZSyvKdi7rBLttHk36K,0bBz5bRBkExaej2HxtVfCw,['sad rap']
0pgko0bwnqXk3nLkX0XQqI,2zeD9q6YGmM0Igwgm71riS,[]
5OLMY0UJf2YgDUJk1sPb6J,0YH5uVhlgJefDJHzimo8N0,[]
4Xtlw8oXkIOvzV7crUBKeZ,4VMYDCV2IEDYJArk749S6m,"['latin hip hop', 'reggaeton', 'trap latino', 'urbano latino']"
3MdyGckdJyTuSylcK4Cn3e,0ZMWrgLff357yxLyEU77a1,"['indie game soundtrack', 'video game music']"
3bSKHihztyH9D1ZyQsoqzI,5UMQV83wwZCCvRSQCVjZw6,"['alternative rock', 'boston rock', 'noise pop', 'post-hardcore', 'post-punk', 'punk']"
76OhaMY6YsMrFtvqzDxi6N,2lFHVcUeJ9Gq6AZiU3ZAOa,"['contemporary r&b', 'girl group', 'hip pop', 'r&b', 'urban contemporary']"
4D6hG0AHgyvN7Einfs72Vz,2Npo4Cfm48M2uKlvxiXMic,"['progressive house', 'progressive trance', 'uplifting trance']"
4lbhQdbiTpNP7GowZG8KsM,28pS8WVbFstY0o1SrqCf8I,['glam metal']
5ZrDlcxIDZyjOzHdYW1ydr,6kBjAFKyd0he7LiA5GQ3Gz,"['bubblegum dance', 'dance pop', 'eurodance', 'europop']"
2XnBqyQsjNyywZIl9WHVjm,3muH0fOWJZ2SaxK3agdOMD,[]
0RDqNCRBGrSegk16Avfzuq,7n2Ycct7Beij7Dj7meI4X0,"['k-pop', 'k-pop girl group', 'pop']"
55aEhAceUZoqpNWxsrxFta,6L3x3if9RVimruryD9LoFb,"['chicano rap', 'west coast rap']"
6mdWUb9z8pGhZLxcV358sY,2u1aL8XADqj0nJFHMKRjNw,['viral rap']
2VqKx3HH8gaZPabNWYvksy,1A9o3Ljt67pFZ89YtPPL5X,"['alternative r&b', 'scandinavian r&b', 'swedish soul']"
35rdVq36LMHQX0Suw9a6tK,06HL4z0CvFAxyc27GXpf02,['pop']
1I3EjtaIQz2zzDE1aeiUEz,3ZztVuWxHzNpl0THurTFCv,"['mathcore', 'melodic metalcore', 'metalcore', 'progressive metalcore', 'uk metalcore']"
2bxBLUIJhTHavO2FKP23Qb,7lOJ7WXyopaxri0dbOiZkd,"['alternative rock', 'baroque pop', 'canadian indie', 'canadian rock', 'indie rock', 'noise pop']"
0XwvxY5yMRI7vh55eBRe3B,3Nrfpe0tUJi4K4DXYWgMUX,"['k-pop', 'k-pop boy group', 'pop']"
2PFIZFcGry0po3ZfRZkzKc,6H1RjVyNruCmrBEWRbD0VZ,"['album rock', 'classic rock', 'glam metal', 'hard rock', 'nwobhm', 'rock']"
04NMCxLqlXuyONlkdH4rY2,3q7isf09BuwXLyR2khBs60,"['hip pop', 'trap queen']"
1G5rMuBltKhOavItlryMIO,14zUHaJZo1mnYtn6IBRaRP,"['reggaeton', 'trap latino', 'urbano latino']"
2d4e45fmUnguxh6yqC7gNT,711MCceyCBcFnzjGY4Q7Un,"['australian rock', 'hard rock', 'rock']"
3akQRMDXJ4FgrUaLn3F1wY,76SlrtEaq2oViRXulxjfuM,"['chicago rap', 'trap queen']"
5dE1yfno7uUJW5cCylWmUE,6UtYvUtXnmg5EtllDFlWp8,"['alabama rap', 'alternative r&b']"
0KXO9R8yUd1BJjkEWXtor4,26s8LSolLfCIY88ysQbIuT,"['crunk', 'dirty south rap', 'gangster rap', 'memphis hip hop', 'southern hip hop', 'tennessee hip hop', 'trap']"
17Nw3KRvDDR5EDhqXaFYgq,6S2OmqARrzebs0tKUEyXyp,"['pop', 'post-teen pop']"
4Lny7HXuBY0iyh1xB5LbfM,1O9iHQjrVuiAYOJFCBeFSl,"['alternative r&b', 'escape room', 'experimental r&b']"
5Id5B3dxJZhPcV9GzgYZZe,2kqUKsTuEj1lPbm6BSn1AU,['urbano latino']
1dHda8ZPcauIUV8kdvdLEc,5gCRApTajqwbnHHPbr2Fpi,"['crunk', 'memphis hip hop', 'pop rap', 'rap', 'southern hip hop', 'trap']"
17fLX149EuVS0C5XfyQ6Md,4nlqDmbzFzbNITaqjJv7D7,"['dream pop', 'lilith']"
5O5UV6RH03cYfL5DaA2qwd,3UHGHiVMz1L0XqFi3oXHvH,['uk contemporary r&b']
1pQrVutT9kzgLavLMUFubD,0pePYDrJGk8gqMRbXrLJC8,"['corrido', 'corridos tumbados', 'nueva musica mexicana', 'sad sierreno', 'sierreno']"
7toOH0GsiqpQ1ppjqiHbaX,3MKCzCnpzw3TjUYs2v7vDA,"['classical', 'classical drill', 'late romantic era', 'russian romanticism']"
53zCCom4uEoIBaOAEJtjUL,40ZNYROS4zLfyyBSs2PGe2,"['classic oklahoma country', 'modern country pop']"
4cw7QPlBbCrTwcdNLB0Rwa,6JU4RsXcN7rLafs39HwFxf,['experimental bass']
5Mv7yjian35AddlklJgg1v,57LYzLEk2LcFghVwuWbcuS,['r&b']
6pzLlSAgNdeRiZhS7x53Rj,4eIjSDb64R18sJaNlOGaFH,"['gospel', 'gospel r&b']"
5EugXICXL06waHgP4iTI58,6w7fc6IZlo5zwBaKT5jU1X,"['alternative rock', 'boston rock', 'power pop']"
2JBs412fpVUuzIaIp3CyIs,7okwEbXzyT2VffBmyQBWLz,"['latin arena pop', 'latin pop', 'latin rock', 'mexican pop', 'mexican rock', 'rock en espanol']"
7gUpO6td4OOnu0Lf9vhcIV,0X2BH1fck6amBIoJhDVmmJ,"['indietronica', 'metropopolis', 'pop', 'uk pop']"
2BjRhZ2IJmsO1GRquNldsP,4MXUO7sVCaFgFjoTI5ox5c,"['art pop', 'baroque pop', 'chamber pop', 'indie pop', 'indie rock', 'singer-songwriter']"
3UvqzgWK6N31lc8KNNwwuy,2MhPVBzM72QjbQPhybKjyr,[]
7ytR5pFWmSjzHJIeQkgog4,4r63FhuTkUYltbVAg5TQnk,"['hip hop', 'north carolina hip hop', 'rap']"
2cGxRwrMyEAp8dEbuZaVv6,4tZwfgrHOc3mvqYlEYSvVi,"['electro', 'filter house', 'rock']"
6S7mmHgyWOG6pIYuL4YrfQ,5KDIH2gF0VpelTqyQS7udb,"['alternative metal', 'nu metal', 'post-grunge']"
0miiTsHb4zjxZWZYya55Ny,0fTav4sBLmYOAzKuJw0grL,['chill r&b']
1Sgj10byiGzPpI2IrXSFEn,34EP7KEpOjXcM2TCat1ISk,"['east coast hip hop', 'gangster rap', 'hardcore hip hop', 'hip hop', 'rap']"
6IbnAvs5k78wrC7LLBzKLQ,3V7U1x0TRBn7spzHDQiZhi,"['pagode', 'pagode novo', 'sertanejo universitario']"
6Sq7ltF9Qa7SNFBsV5Cogx,4q3ewBCX7sLwd24euuV69X,"['reggaeton', 'trap latino', 'urbano latino']"
07qrA1FxZpXy383wX3IDEb,3Nrfpe0tUJi4K4DXYWgMUX,"['k-pop', 'k-pop boy group', 'pop']"
1lYOlG9ZNtz5p3eSgnMn0Z,7MhMgCo0Bl0Kukl93PZbYS,"['alternative rock', 'britpop', 'madchester', 'permanent wave', 'rock']"
59aL2q2UPYJkgLTSv0WTlB,1VPmR4DJC1PlOtd0IADAO0,"['cloud rap', 'dark trap', 'new orleans rap', 'underground hip hop']"
2JurHS80N98Yt3CdIBYz9M,2jirMwr4cHJzjtx8vDX5IO,[]
0J119Oas2ox6JTTHUGZxHN,57vWImR43h4CaDao012Ofp,['afrofuturism']
1a1LrfgkTvfHFykIxcv8WU,73BLwSX6gsNeVzS7DgI4xe,['bedroom r&b']
73lxA4sBvqcSKzDNydgcFc,4CvTDPKA6W06DRfBnZKrau,"['alternative rock', 'art pop', 'art rock', 'electronica', 'glitch pop', 'indie rock', 'oxford indie']"
4PuAqZlL1tkidkuxfDlLbF,2kucQ9jQwuD8jWdtR9Ef38,"['contemporary country', 'country', 'country pop']"
1UQlO5nyyxVbpNvoDk9fld,31412uPiG5Il6jKLs4u2C4,['socal indie']
4JiJQeZceRcopxb9BPvpdW,03r4iKL2g2442PT9n2UKsx,"['alternative rock', 'east coast hip hop', 'golden age hip hop', 'hip hop', 'old school hip hop', 'rap', 'rap rock', 'rock']"
0ir0a6zqJgNV9nqtFlfx3z,70wFWaW7fhvs02Ccq1ZSZn,['melodic hardcore']
7lzFkdJC8cuGHmUch4tk5P,5Bt0klpQtEMLXb0n2bCq85,[]
7txwhthkLlokKYKdYpGSuW,2cFrymmkijnjDg9SS92EPM,"['alt z', 'pop']"
51xUartdwQzXmtrwHyXRVp,4UxLFBvSr4xMDpHe1lrLrH,['post-teen pop']
4LSV90zbtzlXX5Uwra8dVE,1u7kkVrr14iBvrpYnZILJR,"['alternative rock', 'punk', 'rock']"
6YUTL4dYpB9xZO5qExPf05,7CajNmpbOovFoOoasH2HaY,"['dance pop', 'edm', 'electro house', 'house', 'pop', 'progressive house', 'uk dance']"
64lsIF5pw0sJY0gV5kz0RN,6eJa3zG1QZLRB3xgRuyxbm,"['austindie', 'indie rock', 'pov: indie']"
4RVwu0g32PAqgUiJoXsdF8,6qqNVTkY8uBg9cP3Jd7DAH,"['art pop', 'electropop', 'pop']"
42tBlHWL3VfDkUM2iWcc5p,1Bl6wpkWCQ4KVgnASpvzzA,"['boy band', 'rap']"
2MDUJylCNx81isN66vRklZ,0oRAN7x5TpAfyN2ERhvijE,"['jam band', 'rock keyboard']"
2FFvn7BxxqxDSfcsz0nHUn,7G9FLUzzFD03rbobDPwtUI,[]
2FbGlEPAjNhWvrVvlentVq,3TVXtAsR1Inumwj472S9r4,"['canadian hip hop', 'canadian pop', 'hip hop', 'rap', 'toronto rap']"
3lVPtkNFoIyPPGVdNri4VH,0XKOBt59crntr7HQXXO8Yz,"['contemporary country', 'country', 'country road']"
7p5s4J9dNNYpZdAgJIOH6Z,7wU2WGCJ8HxkekHHE2QLul,"['electro latino', 'rap dominicano', 'trap latino']"
6M9GnEPaYy03bJjOSqtQFr,5mu6VL20oyfrkqOW61w7p9,"['desert blues', 'musique nigerienne', 'tuareg guitar']"
0pq61gxjzxOX3aBEW8vikN,59hLmB5DrdihCYtNeFeW1U,"['adult standards', 'arkansas country', 'classic country pop', 'folk rock', 'mellow gold', 'nashville sound', 'singer-songwriter', 'soft rock']"
6Dk5fHTvH897XrVzCO64Mx,4V4Z3qMCwYofWHtip6ePF6,['yacht rock']
7ppuoYYRhAs72HI2Zjnkpk,0xTcxl35DKXUeYRWqY10w6,"['atl hip hop', 'trap']"
7DKS0rX27cCEPsK0R6tFWS,1Xyo4u8uXC1ZmMpatF05PJ,"['canadian contemporary r&b', 'canadian pop', 'pop']"
6q4XLE5WeOBWftoc9gTl2P,5P5FTygHyx2G57oszR3Wot,"['alternative metal', 'neo mellow', 'pop rock', 'post-grunge']"
5VQpJ2AY2iMzrRZKgcvNjh,4q3ewBCX7sLwd24euuV69X,"['reggaeton', 'trap latino', 'urbano latino']"
0sMxqNdwOF0gLJrM3cUlVG,1grN0519h2zYqpRtYbDZAl,['cali rap']
0B5GemqyEr1Bt5VMv1j7Gh,4gSTRpmeyYppvIXuFKjfAL,['chillwave']
2IWmJTCkFBafsl702cwURa,46jXSb4Q3RLlT5M1nWCKMD,"['deep latin alternative', 'mexican indie']"
18HOjcvTVV7W8YzBuOsAPS,4q3ewBCX7sLwd24euuV69X,"['reggaeton', 'trap latino', 'urbano latino']"
0aMHIW1lqrulVCx0LLlr6a,1anyVhU62p31KFi8MEzkbf,"['chicago rap', 'conscious hip hop', 'hip hop', 'pop rap', 'rap']"
2q4mHhL61qXBbNCWLlOHSb,2ihPQnVz8d2ePjGcXLbNf8,"['canadian electronic', 'gaming dubstep']"
23CKxEwKWsLs6LD5poGOLM,5Vuvs6Py2JRU7WiFDVsI7J,"['alternative r&b', 'r&b']"
6pEeOxz5ieFl2lK43ZzB05,2tDDozfRiM8hb85ptdVKUt,[]
4QFA5RVUbubC12fCpswcS2,6XjXff8FNS5CqpF8dVAtoo,"['pixie', 'screamo', 'trancecore']"
673WCjn0SxKJD4qRKczaCk,20JZFwl6HVl6yg8a4H3ZqK,['pop']
5C3DFIRJKz9vbYHivBoAje,24XtlMhEMNdi822vi0MhY1,"['emo', 'pop punk', 'screamo']"
6iwWFPOSfhH6kArlU52fp0,24Wa5wIZIo1sPkzVGP0B5p,"['album rock', 'art rock', 'blues rock', 'british blues', 'classic rock', 'country rock', 'folk rock', 'heartland rock', 'mellow gold', 'singer-songwriter']"
1tuyf2jFaU9kFevnSiMzGh,7w29UYBi0qsHi5RTcv3lmA,"['art pop', 'electronica', 'experimental pop', 'experimental vocal', 'icelandic experimental', 'icelandic pop', 'icelandic singer-songwriter', 'metropopolis', 'permanent wave', 'trip hop']"
5TxRUOsGeWeRl3xOML59Ai,4V8LLVI7PbaPR0K2TGSxFF,"['hip hop', 'rap']"
2ZpC4XRsRSVpRUO3bZAwgq,2iKQgImU0tNvy43Qs0lfyX,[]
5XllSJlv2XvAlSI8LiqrRJ,5CFSYjc0PAiQvndFjafabk,"['collage pop', 'hypnagogic pop', 'uk experimental electronic']"
62d6YXEYxmMWAuLpw1EysL,4fxd5Ee7UefO4CUXgwJ7IP,['r&b']
0SVlENIa7Jrzzf3fTRLbr4,5Vz7hlMWR4OFye64dYoGm0,"['classic oklahoma country', 'oklahoma country', 'outlaw country', 'red dirt']"
0Aq4Ikbs8FIiQc4leL0580,5a1CkvrJSjRH8ZzWTMRsCd,['indie anthem-folk']
3M5azWqeZbfoVkGXygatlb,7tjVFCxJdwT4NdrTmjyjQ6,['indie r&b']
2a7jqKo8062vAJ3Lyl9lyT,25UNJbwGZSQKvz5cPLWlv3,"['corrido', 'musica mexicana', 'norteno', 'nueva musica mexicana', 'sierreno']"
7l6yY4kttGsr96vM9vY7XX,5ynRYAGjyPDE8unsFqi6MH,['gospel']
2lpygKqzPFtItQ4ss3cgfb,4LLpKhyESsyAXpc4laK94U,"['hip hop', 'pittsburgh rap', 'rap']"
5FDfQag2pA9ISzZfSdCc03,44mEtidu0VdRkIqO4IbkNa,"['corrido', 'corridos tumbados', 'musica mexicana', 'norteno', 'nueva musica mexicana', 'sad sierreno', 'sierreno']"
5zuoz1NBnpoHK6g5sbEH8F,5K4W6rqBFWDnAN6FQUkS6x,"['chicago rap', 'hip hop', 'rap']"
2jrCEse6UqooMgzyTDcaOR,1oYNSIyruZO5StmxJeiAFZ,[]
0AKAxdNkwq9ZxRdW1DN9zW,3BmGtnKgCSGYIUhmivXKWX,"['dance pop', 'pop', 'talent show']"
2JXKDWkz0E1LNy7tdsfqan,7E2ioKxoxI2J94tUkIx6As,['alternative r&b']
7Djpvy4lZJNI8rTOVLf1H7,7dGJo4pcD2V6oG8kP0tJRR,"['detroit hip hop', 'hip hop', 'rap']"
6eIIZjMGYvIr94wuaQa0Ik,4aeIWo5CMF1uRmqgJdwkZW,"['cantautor', 'spanish pop', 'trova']"
7nxDB3xbrAA93OQmRVtVfW,4DoCz7g09pGItevU36MmPr,"['fourth world', 'j-ambient']"
0LErVxjTqak8uoHS33WPZQ,1YuknfkSYTTbolRpwZBOv4,"['american modern classical', 'classical', 'early modern classical', 'tin pan alley']"
7rhtPZkcGCWgA3kizGwXwO,3AA28KZvwAUcZuOKwyblJQ,"['alternative hip hop', 'modern rock', 'rock']"
0oGnHTdtPTgTqTJVeWw0EU,5tkITWzssc9z9hu7ZEOCXz,"['jam band', 'jamtronica']"
4tOAUwCOiHjQONEAxKe7oh,33IGJSFbZplSbhXcqtZTDg,"['detroit hip hop', 'pluggnb']"
3TCfjANo5O7yLjwQp9fkRa,1LfqhJiCiHfVzrBOVaBXc1,['lo-fi house']
7rIxDGS8mKjvUy1cVCiHxv,1i2sOJlmgkWrWx28rB17Bd,['vallenato']
5cHDAJwQx3CUxRWHfAvbkv,1Uk1GyijF6fSfX4mWq5bfR,['indie pop']
4zQuwW24dweWcaX0fEJkP2,6Q192DXotxtaysaqNPy5yR,"['british soul', 'neo soul']"
6MINfi28k7srKqGCU6RXJn,3zmkEtHLRXMVpPhdYIdlgM,[]
46igfwCk41taYx0wH37SJQ,2ih5M0aTrQ97JX1nZuxDQY,['high vibe']
3Ir8HCQuIyoWMBNZQHEeZ8,6FfjnGXMhxSsJTuGLWBDth,"['grave wave', 'metropopolis', 'noise pop', 'noise rock']"
5Gt9bxniM1SxN61yRzRhXL,2YZyLoL8N0Wb9xBt1NhZWg,"['conscious hip hop', 'hip hop', 'rap', 'west coast rap']"
5ahvjrjn7ymaeaWKFZrsca,65EXuYHVoehCKqp0kOS6px,"['balkan beats', 'downtempo', 'electro swing', 'nu jazz']"
5WJU527RQNyMLuKecjsL8V,450o9jw6AtiQlQkHCdH6Ru,"['funk', 'funk rock', 'p funk', 'psychedelic soul', 'soul']"
00RHrZB3i6B6PwX30ouZBK,5SE2sfwTpxL2vXRdG6H5PM,"['hi-nrg', 'vintage french electronic']"
4PmMVdIFpJTB9WQbmILf4p,0NbfKEOTQCcwd6o7wSDOHI,"['gangster rap', 'hip hop', 'pop rap', 'rap', 'southern hip hop', 'trap']"
0rT9f5BSZrZ6DvzfBEckG0,3fMbdgg4jU18AjLCKBhRSm,"['r&b', 'soul']"
79h5FSU8pO9FjNfh6UPmsD,33ScadVnbm2X8kkUqOkC6Z,"['latin hip hop', 'puerto rican pop', 'reggaeton', 'trap latino', 'urbano latino']"
4JNTpbntShpUpACDUzwHV5,2GHclqNVjqGuiE5mA7BEoc,"['alternative hip hop', 'chicago rap', 'conscious hip hop', 'hardcore hip hop', 'hip hop', 'political hip hop']"
14lL7nsC6S9cuY5fCnMh83,2oQJQUIpJFFnfKvHJA0xBu,"['orchestra', 'scorecore', 'symfonicky orchestr', 'theme']"
5Oa2uv0wKBRD01ZKwPgptB,2VdDGrsKkzCfR9AG6w5O92,"['memphis hip hop', 'south carolina hip hop']"
0wvIGFIgbyz4JNwQhZgTv2,64tNsm6TnZe2zpcMVMOoHL,"['alternative metal', 'alternative rock', 'grunge', 'hard rock', 'nu metal', 'rock']"
20WSCvv9qfQHzYzTaLyXHH,5p9HO3XC5P3BLxJs5Mtrhm,"['pov: indie', 'psychedelic pop']"
2262ZBj7D4wQkw0EIKTFwL,15iVAtD3s3FsQR4w1v6M0P,"['chicago bop', 'chicago drill', 'chicago rap', 'drill', 'hip hop', 'rap', 'trap']"
5KW0yv8MLurjPifL8pajWn,2SmICejsbfW9xy1ZFt9C1q,"['arkansas country', 'classic country pop']"
52vMWINBrhwuTaTg1tTVLa,0Nks3cFWU2a7rooAlFQYgn,"['afropop', 'cape verdean folk', 'morna', 'musica cabo-verdiana', 'twoubadou', 'world']"
69w5X6uTrOaWM32IetSzvO,6KImCVD70vtIoJWnq6nGn3,['pop']
5EZdDMKkz3ufk52obOyV1o,0VkGDJufR1zc5I3TsBip87,[]
3WYAOSW2hvfr07Ww4xLrn1,6XyY86QOPPrYVGvF9ch6wz,"['alternative metal', 'nu metal', 'post-grunge', 'rap metal', 'rock']"
4tPN749jvEBj2vNpTOH41h,7e3FtKBIPLrIVm8g1FJMVg,"['alternative r&b', 'indie soul']"
7MsGT3ZnbSXm0R2eRrYfjR,1grN0519h2zYqpRtYbDZAl,['cali rap']
3FQKMZcYWAP4q1Zvglpakb,4ETSs924pXMzjIeD6E9b4u,['bedroom soul']
5NKM0x7pnnREkfXYAuxwCw,4kKaAWGdu6WW0W415RWaQA,"['chicano rap', 'latin hip hop', 'texas latin rap']"
1FQvjQK5ED2G0gQytvn82b,3S5aXjH9pDeyD7BDMkLbiF,[]
36YSMRcddGQIFBuYnvZOMv,2DqzOWVL2ly48IA9bpZdie,"['brutal death metal', 'death metal', 'deathgrind', 'metal', 'technical death metal', 'thrash metal']"
5NHTtXGCdO7ul16xr0q93w,3RNrq3jvMZxD9ZyoOZbQOD,"['alternative metal', 'funk metal', 'hard rock', 'nu metal', 'post-grunge', 'rap metal', 'rock']"
4zWTvakHC1hh7FGsrEYuAP,5xUf6j4upBrXZPg6AI4MRK,"['alternative metal', 'alternative rock', 'classic rock', 'grunge', 'hard rock', 'nu metal', 'rock']"
3wQxUfquHLpgHoU6fo8Z50,3jOstUTkEu2JkjvRdBA5Gu,"['alternative rock', 'modern power pop', 'modern rock', 'permanent wave', 'rock']"
5zCJvrT3C7cIfHsR5iG95l,1ThoqLcyIYvZn7iWbj8fsj,"['funk', 'quiet storm', 'soul']"
6as5IycQIcCKqC8gNpAxN9,1qqdO7xMptucPDMopsOdkr,"['pixie', 'pop punk']"
4zOZQdgs7nSjMkqB7keSM5,6nnspeopmJAG07xOxHmqTu,"['salsa', 'salsa puertorriquena', 'tropical']"
5IRgWZTInHCWD4o6jlSJ5r,33ScadVnbm2X8kkUqOkC6Z,"['latin hip hop', 'puerto rican pop', 'reggaeton', 'trap latino', 'urbano latino']"
72LVZma2Bd7Y6imwoSecR6,2oQX8QiMXOyuqbcZEFsZfm,"['dembow', 'rap dominicano', 'reggaeton', 'trap latino', 'urbano latino']"
6qL5UWxRSQYml9O99ozoLv,0f2YkMXwFNJNSX7MymevKE,[]
0tp0LfzlGhRH9RGFWeQDjz,0bS4wXycbDaYtUTDaRG7hl,[]
3ssU6votRPPRQyLc7ir8Lp,0CxrfcSWTiBX7M6WAakESI,['nueva musica mexicana']
2bPYtv3okqX5zpSxtwLBuu,3hcs9uc56yIGFCSy9leWe7,"['chicago drill', 'chicago rap', 'drill', 'hip hop', 'rap', 'trap']"
7iyImRyFkI6hft0GVUcbYU,3pO5VjZ4wOHCMBXOvbMISG,"['bossa nova', 'brazilian classical', 'brazilian jazz', 'latin classical', 'mpb', 'violao']"
2VhrwMrmU3sMTXycKmD0KB,4pFWYUDKzlU47DzKqUm9Qo,['drain']
0qcr5FMsEO85NAQjrlDRKo,73Np75Wv2tju61Eo9Zw4IR,"['broadway', 'hollywood', 'movie tunes', 'show tunes']"
56xX9Oq3CQeCY3ey06Hsll,6o5wSBDuLpn2vRpPvGuGBy,"['cloud rap', 'phonk']"
3Umg8CDhO8dOSj7yBTInYb,3WrFJ7ztbogyGnTHbHJFl2,"['beatlesque', 'british invasion', 'classic rock', 'merseybeat', 'psychedelic rock', 'rock']"
2p7C05kCF7d5a9M3K6TVSR,4BmrwEGjJ60tg79uY4OjRA,"['american shoegaze', 'grungegaze']"
2zkV839IqOgZC7LAtXAa0U,3gdbcIdNypBsYNu3iiCjtN,"['album rock', 'classic rock', 'dance rock', 'new romantic', 'new wave', 'new wave pop', 'permanent wave', 'post-punk', 'rock', 'zolo']"
6T7nMH2qHGBRWW7sTf3ZCz,1jzmHk0SLhAJjEw6NqvaLs,['pop punk']
5H8M8iiE940y2jMFk6vRT4,128B8HtdgaIWeWO2CyhJvb,[]
3FP8A246XpuafFofRhDlWG,4IliztYDlfMvzQzbx50o60,"['alternative metal', 'christian alternative rock', 'nu metal', 'pop punk', 'post-grunge']"
7newfXclX39UwWTw2gDswM,7tYKF4w9nC0nq9CsPZTHyP,"['pop', 'r&b', 'rap']"
37y7iDayfwm3WXn5BiAoRk,57vWImR43h4CaDao012Ofp,['afrofuturism']
3Dr0xDJwXy6JkiHNJfv5zd,4xnMDfgEmXZEEDdITKcGuE,"['edm', 'electro house', 'pop dance', 'pop edm', 'progressive electro house', 'progressive house']"
2CzUlaKN1mvb0szagSR3ux,3tlXnStJ1fFhdScmQeLpuG,"['dmv rap', 'r&b', 'rap']"
4OFTfnxRCK5qfzLwCyf7I2,3ctnkEZGtVBTxS7IMin8nC,['weirdcore']
69gTnRx9jt23FdlaHlg2Sn,5TbXjzD8tYgMD5JU2g2F8q,"['northern soul', 'southern soul']"
1lvh5p9y49mqnxA7qua8xU,7tZ5VFy3wvzj87y4sGU8gm,[]
5gflgO9EPbIBf16n5TKnQS,21451j1KhjAiaYKflxBjr1,"['reggaeton', 'urbano latino']"
0r6tglSiN3TZTyRMvMCR5B,2aZlYOswKNlrwqpuTsckKd,"['turkish alt pop', 'turkish rock']"
59CfNbkERJ3NoTXDvoURjj,2W8yFh0Ga6Yf3jiayVxwkE,['pop']
4Woj8HSwvPZ7D2BnCDV0LI,6L4rd30i47THXfXQZ4b3co,[]
1nYiLob7FmHBRK5rElOw7j,69k6uTSZMPLpSnhmLCiKxQ,"['alternative metal', 'industrial metal', 'nu metal', 'rap metal', 'rap rock']"
0k4jXQdPD1NkxQutE3IB1C,6FBDaR13swtiWwGhX1WQsP,"['alternative metal', 'modern rock', 'pop punk', 'punk', 'rock', 'socal pop punk']"
1WBSFlSLyOZnSa8fj7a5yC,6pmxr66tMAePxzOLfjGNcX,"['albuquerque indie', 'baroque pop', 'chamber pop', 'indie rock', 'indietronica', 'stomp and holler']"
16Fp67kTFhH0XK5Cl6Oz7r,7FBcuc1gsnv6Y1nwFtNRCb,"['emo', 'modern rock', 'pop punk', 'pov: indie', 'rock']"
5qjmbGWL1WLTSU58Q8hOuq,1YPIe9qIMa99O0a0OW47Be,"['country', 'country road', 'country rock', 'southern rock']"
1nH9XYoHGMpKnA9wZ95jH6,6PEMFpe3PTOksdV4ZXUpbE,"['alternative r&b', 'indie soul']"
6E1cegf6QEL0J3bCt5tCIC,4NZvixzsSefsNiIqXn0NDe,['indie pop']
7dbyaRWWFvB9UG2vcwTd3J,3DEdNjxF3ea9taOMCXouZ6,['chill drill']
5FRGTGPZ7uA6JaLAH55PVV,1csBgT42N4pPPs1HJhxXIK,"['orchestral soundtrack', 'soundtrack']"
3urzjFyYi4eoDCIECfArH3,17obwOahRWI121iMUZznh2,"['blues rock', 'british blues']"
3jipFRgLyKK0oJoG1pKicx,3TVXtAsR1Inumwj472S9r4,"['canadian hip hop', 'canadian pop', 'hip hop', 'rap', 'toronto rap']"
6HoYqaTWEpeSyuMMgREvyg,3EiLUeyEcA6fbRPSHkG5kb,"['reggaeton', 'reggaeton flow', 'trap latino', 'urbano latino']"
7vXtuHrqgzQi58ihUO7L2d,3u2R8st1bb6zfBqNWceRXG,"['indie pop rap', 'minnesota hip hop']"
2pxmsujCAcLAOICnqiFcZy,4FlG0V0jhLO4qGpayFOphj,"['kentucky hip hop', 'memphis hip hop']"
1uY1X8YeBixs1FdQ3fQ7d4,2YZyLoL8N0Wb9xBt1NhZWg,"['conscious hip hop', 'hip hop', 'rap', 'west coast rap']"
2QqYdQ1n4Xie3ZY8AvAiLV,10gzBoINW3cLJfZUka8Zoe,"['edm', 'pop dance', 'progressive house', 'progressive trance', 'trance', 'uplifting trance']"
1Ym6aMuT5bliaZMC67AmPp,00FQb4jTyendYWaN8pK0wa,"['art pop', 'pop']"
3TdZbELsPLWYZAArGSfwyQ,1OVaGC0CDZaxjcPxclSNmp,"['boston folk', 'folk-pop']"
3SF2TrDDOQIRAmdBVA0ieV,1bDWGdIC2hardyt55nlQgG,"['comedy rock', 'comic', 'parody']"
2XMAWynSTIst5KmLSv0Npf,6vWDO969PvNqNYHIOW5v0m,"['pop', 'r&b']"
2Lon74geK7O7v6r0CVYLdI,4596e2d3KmYzAeVenjCxfj,"['alternative r&b', 'indie soul']"
7F9ckjDpL3J6wvI68Nb8PB,1Tie3AZgLQZqYEp8Fv4zOZ,['classic texas country']
2v75wmjgnUyF5q5DWhV9um,67PmHOmt1tveILUtasiYAf,"['classic soul', 'disco', 'funk', 'p funk', 'post-disco', 'quiet storm', 'soul', 'southern soul']"
0ojEn2GpidI32hiVF5nblj,6xdRb2GypJ7DqnWAI2mHGn,"['indie pop', 'indie poptimism', 'la pop', 'metropopolis']"
41oY4WCTj5kccfesTVFnvN,4q3ewBCX7sLwd24euuV69X,"['reggaeton', 'trap latino', 'urbano latino']"
6Hs094CmM9IJcCUpCKodyp,6NyPX5jymkvSPaJhCh1crb,"['trap boricua', 'trap latino']"
2MsDscMiyni9Q5hbcJCvE9,0xSfdfhcXN6T8M5gt7VwK0,"['canadian contemporary r&b', 'indie r&b']"
4eHMRKYFZvDyznWMoToX2J,4iHNK0tOyZPYnBU7nGAgpQ,"['dance pop', 'pop', 'urban contemporary']"
6Owc8gM2Nx9UVS8LUN01eS,6Gl4Q3ePw6HKMfIOix5QpG,['indie rock']
5YKou23BytPcfoBljTfqmR,42yf4QkiE9a252krn9OUCb,"['houston rap', 'memphis hip hop', 'trap']"
1weDem90ta6k1Ji4cMkXHf,5Owm9QgL9BSCRQKTX6T08G,['float house']
496vIKS2INz840xZaKncvR,4dpARuHxo51G3z768sgnrY,"['british soul', 'pop', 'pop soul', 'uk pop']"
7iqQz931tn59mK6IZ3knRx,00FQb4jTyendYWaN8pK0wa,"['art pop', 'pop']"
0tmNn8HSMJXuWbdyetLVk6,1w2vmmTabmUHGNguqUDrR7,[]
3I4G8p5a0n1I7owUfaUUpH,6S3Z6Me30mtdm526H17v8k,"['crank wave', 'london indie']"
7l28SBHS3zmKDVnOzG8BM7,2cMVIRpseAO7fJAxNfg6rD,[]
0NWPxcsf5vdjdiFUI8NgkP,776Uo845nYHJpNaStv1Ds4,"['acid rock', 'album rock', 'classic rock', 'hard rock', 'proto-metal', 'psychedelic rock', 'rock']"
74Oym97rxi071QbQrOruzH,0XHiH53dHrvbwfjYM7en7I,"['alternative metal', 'alternative rock', 'grunge', 'hard rock', 'nu metal', 'post-grunge', 'rock']"
2iosIezZpYGv5SgTXtd9ZU,2MxBkgVoXvpI0FLxceC00m,"['country rap', 'redneck']"
4woTEX1wYOTGDqNXuavlRC,7dGJo4pcD2V6oG8kP0tJRR,"['detroit hip hop', 'hip hop', 'rap']"
1nTYomYbsenopasW7KTnr1,7wlFDEWiM5OoIAt8RSli8b,"['baton rouge rap', 'rap']"
5iXnD2VizcAbErpkcuNQ6I,2qnpHrOzdmOo1S4ox3j17x,"['hardcore punk', 'modern melodic hardcore']"
7AY1uEEkYfFLFCEuc8QvUH,1DTZRmlVZBxx2wRQBtx6yi,"['classic texas country', 'neo-traditional country']"
0qWADvHuMEj6YXMxqaej3i,3L733apFuBmRr4GEVvhh9x,['alt z']
6zfVYM5Nne0EzpjzYfJKwp,7IfculRW2WXyzNQ8djX8WX,"['afrofuturism', 'alternative r&b', 'neo soul', 'r&b', 'soul']"
7AXq0ZDCfisaeS3xQqQRIO,5KGJFenkLeQ77WEgKFPnTZ,['new wave of osdm']
0DEt4YGtD5XUXyzAgU5UZP,7Aq8lpLMSt1Zxu56pe9bmp,"['atl hip hop', 'contemporary r&b', 'r&b', 'urban contemporary']"
3e21cX0CVwzkQXiHz7WUQZ,55Aa2cqylxrFIXC767Z865,"['hip hop', 'new orleans rap', 'pop rap', 'rap', 'trap']"
6l8EbYRtQMgKOyc1gcDHF9,70cRZdQywnSFp9pnc2WTCE,"['classic rock', 'folk', 'folk rock', 'melancholia', 'mellow gold', 'rock', 'soft rock']"
1N0TOOPBJvFOvQipTFz5io,4MCBfE4596Uoi2O4DtmEMz,"['chicago rap', 'melodic rap', 'rap']"
4L42hh6L8tpg1KPVwGkUja,0NB5HROxc8dDBXpkIi1v3d,"['indie pop', 'modern alternative pop']"
4PkJ7c9y1CwpuVOiJODnCZ,6deZN1bslXzeGvOLaLMOIF,"['alternative metal', 'canadian rock', 'post-grunge']"
7Gs3otHnZDq514kFHf0nx7,20sxb77xiYeusSH8cVdatc,"['hip hop', 'philly rap', 'pop rap', 'rap', 'southern hip hop', 'trap']"
2Qe9uwtzPzPVCGiughoQ68,6guC9FqvlVboSKTI77NG2k,"['pixie', 'pop punk', 'sacramento indie', 'screamo', 'swancore']"
2EcQY09CYgJ1qk6H1qZf8h,74XFHRwlV6OrjEM0A2NCMF,"['candy pop', 'modern rock', 'pixie', 'pop', 'pop emo', 'pop punk', 'rock']"
7rC5Pl8rQSX4myONQHYPBK,3TVXtAsR1Inumwj472S9r4,"['canadian hip hop', 'canadian pop', 'hip hop', 'rap', 'toronto rap']"
3Zwu2K0Qa5sT6teCCHPShP,4UXqAaa6dQYAk18Lv7PEgX,"['emo', 'modern rock', 'pop', 'pop punk', 'rock']"
3hhbDnFUb2bicI2df6VurK,3qnGvpP8Yth1AqSBMqON5x,"['modern blues', 'neo soul', 'soul']"
6mzfmqArdNFYG3ZqM8zFC2,3tJnB0s6c3oXPq1SCCavnd,"['grupera', 'latin pop', 'musica mexicana', 'ranchera']"
751gBcu62kORDelX7FV0mM,2mpeljBig2IXLXRAFO9AAs,"['dance pop', 'europop', 'lilith', 'neo mellow', 'pop rock']"
6b1uvC2GnPm4wNsHaOlZM7,6U3ybJ9UHNKEdsH7ktGBZ7,"['hip hop', 'rap', 'underground hip hop']"
7EkiMl81fUHVwpItgtzI4r,57LYzLEk2LcFghVwuWbcuS,['r&b']
0D5hODcjdnKjFmTdqfMGHa,22bE4uQ6baNwSHPVcDxLCe,"['album rock', 'british invasion', 'classic rock', 'rock']"
6s0sry4EyiNcnmFnTUupuD,2DzRMyWgjuMbYvt5BLbpCo,"['contemporary r&b', 'neo soul', 'new jack swing', 'r&b', 'urban contemporary']"
6nAlJuLlRlpAcq30xIqKJs,2jSGzJw0ebJLu7OLVSOcBP,"['reggaeton', 'trap latino', 'urbano latino']"
4cacyP5c3PMlfnyjpg13xW,2YOYua8FpudSEiB9s88IgQ,"['meme rap', 'minnesota hip hop']"
0kDHiwkrZutBHfjypFUzc2,1dqGS5sT6PE2wEvP1gROZC,"['psychedelic hip hop', 'rap', 'underground hip hop']"
0XgRIkVjIfdR9hXpKz3NCG,4pmNqFu71wEmFXSsYAiWK8,"['gangster rap', 'hip hop', 'singeli']"
1s1d0xKlDoLQZRzY8qQ5MF,6tbjWDEIzxoDsBA1FuhfPW,"['dance pop', 'pop']"
4OelNEcxPGoCOU29fchcsv,0LOK81e9H5lr61HlGGHqwA,['k-pop girl group']
7ohKBaRTuFLbgVUorUnvtz,5ae3MM8dgOn3QPHzqFDJlY,['pop r&b']
2muZXLtUVOXAy8B9o9ai5K,6Jb1gzfdKK6wq2gW9EozaL,[]
23pL9muwrxg6ZZTp0oErBL,6nxWCVXbOlEVRexSbLsTer,"['australian dance', 'australian electropop', 'australian indie', 'downtempo', 'edm', 'indietronica']"
6vECYJHxYmm3Ydt3fF01pE,1hzfo8twXdOegF3xireCYs,"['german pop', 'modern rock']"
77XoAnllT85lmR9WP0D8dS,4MoAOfV4ROWofLG3a3hhBN,"['contemporary country', 'country', 'country road', 'modern country rock']"
2Oycxb8QbPkpHTo8ZrmG0B,5YGY8feqx7naU7z4HrwZM6,['pop']
5f8z7Cp7CY9T54Cnq1YVlh,0pCNk4D3E2xtszsm6hMsWr,"['escape room', 'hip pop', 'modern alternative rock']"
0dpyzcT3RMNNSd2xKBf35I,7MoIc5s9KXolCBH1fy9kkw,"['art pop', 'eugene indie', 'indie pop', 'indie rock', 'philly indie']"
7z70LYvbZsCGk5JMIPDJlv,4SNZv6dF06QGC335mAsXeg,[]
1g1PAND2ihjU1N62QXaA9z,4tK6Z8fK7Sc9133byjPGIT,"['asheville indie', 'countrygaze']"
47IySiC5o08gz0z5VDiH93,0QHgL1lAIqAw0HtD7YldmP,"['hip hop', 'miami hip hop', 'pop rap', 'rap']"
2CAqzumDVPlw6oNM8G24ty,2Zxy5LwBatI5kw4uponwHQ,['dubstep']
5nzhL67GpF9szXWg5y509A,5f7VJjfbwm532GiveGC0ZK,"['atl hip hop', 'atl trap', 'rap', 'trap']"
5EF7dddAct7PcecJVP3RPf,1yzePBgnaJhaFDpgt7MpxA,"['chutney', 'dancehall', 'soca']"
0dcf0L6F1LUA1nE2zWH4J2,1Xyo4u8uXC1ZmMpatF05PJ,"['canadian contemporary r&b', 'canadian pop', 'pop']"
4oeaIftdpT3JuZLcCkKmVE,1Xyo4u8uXC1ZmMpatF05PJ,"['canadian contemporary r&b', 'canadian pop', 'pop']"
2hBlRIrKBparifbSN204ir,0cOVRC8EOwDwXrs3JTrRN5,"['punk', 'ska', 'ska punk', 'skate punk']"
3rsOs39rDAYxIOrDTHAgR9,0c173mlxpT3dSFRgMO8XPh,"['detroit hip hop', 'hip hop', 'pop rap', 'r&b', 'rap', 'southern hip hop', 'trap']"
10tHyoc3wSA5scOVZuMcFm,4dpARuHxo51G3z768sgnrY,"['british soul', 'pop', 'pop soul', 'uk pop']"
4k7x3QKrc3h3U0Viqk0uop,4LEiUm1SRbFMgfqnQTwUbQ,"['chamber pop', 'eau claire indie', 'indie folk', 'melancholia', 'modern rock']"
0oXsSXaICwrpFlPa3kZ4O2,2MaMzvFmtu68r9zpdJ4tLE,['chillwave']
6x39ZtZuq27x5v92vWGHyy,24zj84GShUIcBQYq6VpOYW,['memphis hip hop']
5by3w3NXvwDpV9FBSOR35u,1nJvji2KIlWSseXRSlNYsC,"['alternative rock', 'melancholia', 'permanent wave', 'protopunk', 'rock']"
1ecuFYVPFz8dpf23cUxs8Q,0fj2dPBNUTX1CHei8qGdVd,[]
3weNRklVDqb4Rr5MhKBR3D,2uFUBdaVGtyMqckSeCl0Qj,"['bow pop', 'compositional ambient', 'neo-classical']"
4DPoSUdIOAsXICe1SRujzf,1Ffb6ejR6Fe5IamqA5oRUF,"['melodic metalcore', 'metalcore', 'modern rock', 'pop punk', 'rock', 'uk metalcore']"
4hAwqrTejA62Vn1xgUOf0V,5svDnd8joFhbpbA3Ar0CfN,"['big beat', 'soundtrack']"
3ZAMtgYJFoHwJjFkhkXqKr,0c173mlxpT3dSFRgMO8XPh,"['detroit hip hop', 'hip hop', 'pop rap', 'r&b', 'rap', 'southern hip hop', 'trap']"
3NLJWd1FgZlgBRukNXxEBd,7FsRH5bw8iWpSbMX1G7xf1,"['banda', 'grupera', 'musica mexicana', 'norteno', 'ranchera']"
4XJRpBOG0bU3Nxnvam3FnC,1RyvyyTE3xzB2ZywiAwp0i,"['atl hip hop', 'hip hop', 'rap', 'southern hip hop', 'trap']"
4IoYz8XqqdowINzfRrFnhi,0zOcE3mg9nS6l3yxt1Y0bK,"['neo mellow', 'piano rock', 'pop', 'pop rock']"
1l2sn5oMx7xMq5tQiDin7O,0fYPQBOx0vsRMmjUba9HgF,"['new romantic', 'new wave', 'new wave pop', 'synthpop']"
7MtVPRGtZl6rPjMfLoI3Lh,00FQb4jTyendYWaN8pK0wa,"['art pop', 'pop']"
1DV0rYuYKKU6ovn8uzGJQc,4jWGfUCFeTu5e0wprRhHXR,"['crunk', 'dirty south rap', 'new orleans rap']"
3ihIZrJreMJPjQdNLrEXnP,5f7VJjfbwm532GiveGC0ZK,"['atl hip hop', 'atl trap', 'rap', 'trap']"
5Ge2LVO04bWnhv1e3HwtND,360IAlyVv4PCEVjgyMZrxK,['r&b']
7bUgWgmd1yTYu351xFBLDL,6ltzsmQQbmdoHHbLZ4ZN25,"['indie folk', 'modern rock', 'stomp and holler']"
4fl06NNTcLLXG7XgsxLFki,2cFrymmkijnjDg9SS92EPM,"['alt z', 'pop']"
3nulzAA8PNw1nZcUbrNxcf,6zFYqv1mOsgBRQbae3JJ9e,"['album rock', 'classic rock', 'heartland rock', 'mellow gold', 'piano rock', 'rock', 'singer-songwriter', 'soft rock']"
3XLSlQLJf3Ut0zvMUxnF1h,3TVXtAsR1Inumwj472S9r4,"['canadian hip hop', 'canadian pop', 'hip hop', 'rap', 'toronto rap']"
7eqoqGkKwgOaWNNHx90uEZ,2h93pZq0e7k5yf4dywlkpM,"['lgbtq+ hip hop', 'neo soul']"
3oHkMCVJyOcjg5FhfLc2Rq,13ubrt8QOOCPljQ2FL1Kca,"['east coast hip hop', 'hip hop', 'rap', 'trap']"
5RtOqP26S4KrWexNolBaQc,0RESbWvOMyua0yuyVrztJ5,"['memphis hip hop', 'tennessee hip hop', 'trap']"
0MEM2ziA28eYTVL9yQ98aK,1HPW4jeRjXBFRoUnSvBzoD,['rage rap']
4IO4BwhnPKBEyyfz7FzSXG,2HPaUgqeutzr3jx5a9WyDV,"['r&b', 'rap', 'toronto rap', 'urban contemporary']"
5rZlwNFl01HqLWBQGryKSm,0eDvMgVFoNV3TpwtrVCoTj,"['brooklyn drill', 'rap']"
5UsJHgImnq2nRk8H5mFQEd,1C2M46LEfuMibyNPpsNT2S,[]
1OYZbxODr6TMlaT2PRi6Wi,4VsbQvC84B8Z3IsBY1HLQy,[]
76GlO5H5RT6g7y0gev86Nk,7bu3H8JO7d0UbMoVzbo70s,"['new wave', 'permanent wave', 'rock', 'uk post-punk']"
2TjdnqlpwOjhijHCwHCP2d,0k17h0D3J5VfsdmQ1iZtE9,"['album rock', 'art rock', 'classic rock', 'progressive rock', 'psychedelic rock', 'rock', 'symphonic rock']"
2caREKLVN9PbVDe9EPzXjc,5ojumrbWWohLIuzArVoyDs,"['bubblegum pop', 'classic garage rock', 'merseybeat']"
7wnagOAqma4Sg6JOGjWr5R,0xliTEbFfy5HQHvsTknTkX,"['new romantic', 'new wave', 'new wave pop', 'synthpop']"
4Yw8TyBm9J8cpy2guHUYog,1Xyo4u8uXC1ZmMpatF05PJ,"['canadian contemporary r&b', 'canadian pop', 'pop']"
1anvIYY3hAtLL72lJA5z44,0tMEHta5p06GCSdnSPNS8B,"['charanga', 'musica tradicional cubana', 'salsa']"
42GP0xKtkolBnmqQRvSllO,3utxjLheHaVEd9bPjQRsy8,[]
1niru8Cp9Wx8OpKRzsO4zr,2R57sY41L9XvGPiIgHOaYq,"['alternative metal', 'candy pop']"
65vCDl8iDo5w3uQC9qpjOf,0gLjJuczGWhqKVMmVpIT52,"['alternative emo', 'dreamo', 'emo']"
5c9YMz97k3rSxNziuda19F,29yyPuky7khfsycbqK19uE,['indie electropop']
1jPJFlnaBjLnmgTQ2Zh3Zl,4Bv3qSAKAtcKmpu1CLh8vx,[]
7EvBY1aMfTtAMoexU7PHdl,5pttBZUGPhF7AcVgDke02r,"['new wave of glam metal', 'sleaze rock']"
2qAaDJ83XLYivW3obNe2M7,03ZsVec0f9kSMGEfCd2bkK,[]
29d0nY7TzCoi22XBqDQkiP,1aSxMhuvixZ8h9dK9jIDwL,"['art pop', 'art rock', 'baroque pop', 'new wave pop', 'permanent wave', 'piano rock', 'singer-songwriter']"
1MpCaOeUWhox2Fgigbe1cL,6vWDO969PvNqNYHIOW5v0m,"['pop', 'r&b']"
6KGggJ08SRmMuJojRYM4Lv,45QpZznbXYo3nWy0TIhvgv,"['reggae', 'roots reggae']"
3eJQONJ2V69tq1ljL3MzS7,1bfVuRqPplp3g77xQ9tx07,"['christian indie', 'christian uplift', 'roots worship']"
1frqy81MqnWU3GWaMFIJlH,3Zx6YOsYHf5uj5xvnNhhgL,[]
3azJifCSqg9fRij2yKIbWz,2jku7tDXc6XoB6MO2hFuqg,"['canadian hip hop', 'canadian trap', 'melodic rap', 'r&b', 'rap', 'toronto rap', 'trap']"
4cSrS7Xl5NL8wnzN8mUR49,6dGMlf9UbIdCyLvUiAS4yY,[]
0xWRZHmgpe4iGNnxV96xZj,2CkhxuagMCG9uvlbKm5G3m,"['brit funk', 'disco', 'post-disco']"
5FBjLI91XAAfkJIObf6lvV,4D3lmUAeXE2SMsOKd2B8XQ,"['roots americana', 'wyoming indie', 'wyoming roots']"
4T652DlATVHe0jdLKaN3Bw,66CXWjxzNUsdJxJ2JdwvnR,['pop']
5MoXlEgWQxFQNYAeFbo7Zk,3DxAikzv8719U68yCVRELD,['indie garage rock']
52wlhIULOeaxZpzuTYrVlt,4fxd5Ee7UefO4CUXgwJ7IP,['r&b']
3c4bJL7mARZvd387847GsC,762310PdDnwsDxAQxzQkfX,"['dance rock', 'new romantic', 'new wave', 'permanent wave', 'rock']"
0nrRP2bk19rLc0orkWPQk2,1vCWHaC5f2uS3yhpwWbIA6,"['edm', 'pop', 'pop dance']"
3GTpHuThSwghiUEvVQCwsz,1A9o3Ljt67pFZ89YtPPL5X,"['alternative r&b', 'scandinavian r&b', 'swedish soul']"
5ZSm4yiZJmQLYc2THfzjMA,4Bdqzh78prwuqwInMb555P,"['oyun havasi', 'turkish rock']"
5mPSyjLatqB00IkPqRlbTE,3TVXtAsR1Inumwj472S9r4,"['canadian hip hop', 'canadian pop', 'hip hop', 'rap', 'toronto rap']"
5oq2TowNFmhzr94DhCU3wu,0Z8XVUAOBPM4x12wKnFHEQ,"['classic texas country', 'texas country']"
0Hrd6CSafHHqKptyFppmqH,536BYVgOnRky0xjsPT96zl,"['indie rock', 'indietronica', 'irish rock', 'modern alternative rock', 'modern rock', 'northern irish indie']"
75fDVecaFMegTxBhb4ceqL,4LLpKhyESsyAXpc4laK94U,"['hip hop', 'pittsburgh rap', 'rap']"
189nzulSxXOQI9Ru83NZb0,47zz7sob9NUcODy0BTDvKx,"['british soul', 'sophisti-pop']"
0XkmeG97T4mtYlWRJcrxec,1XLWox9w1Yvbodui0SRhUQ,['melodic rap']
4OWhcwHOnB7ZLGJI0Fo4oN,4yYYCSCDUTypErQMZv5iSg,[]
4OusT5SqNJhRhhlsAyuYVh,251UrhgNbMr15NLzQ2KyKq,"['indie folk', 'new americana', 'stomp and holler']"
3ofiQMPt5OZZTzzsCewZBU,51kDu9CfyGBpcgMwy8MlEd,['dark synthpop']
1NrfbEDL93GM39YtAdZ9Ly,0Qwnl88tMe74wX3F3t6tlb,['boom bap']
02oAUzv4M0ItuTDy2RT3IT,163tK9Wjr9P9DmM0AVK7lm,"['art pop', 'metropopolis', 'nz pop', 'pop']"
